shank,electrode,x,y
0,0,0,0
0,1,32,0
0,2,0,15
0,3,32,15
0,4,0,30
0,5,32,30
0,6,0,45
0,7,32,45
0,8,0,60
0,9,32,60
0,10,0,75
0,11,32,75
0,12,0,90
0,13,32,90
0,14,0,105
0,15,32,105
0,16,0,120
0,17,32,120
0,18,0,135
0,19,32,135
0,20,0,150
0,21,32,150
0,22,0,165
0,23,32,165
0,24,0,180
0,25,32,180
0,26,0,195
0,27,32,195
0,28,0,210
0,29,32,210
0,30,0,225
0,31,32,225
0,32,0,240
0,33,32,240
0,34,0,255
0,35,32,255
0,36,0,270
0,37,32,270
0,38,0,285
0,39,32,285
0,40,0,300
0,41,32,300
0,42,0,315
0,43,32,315
0,44,0,330
0,45,32,330
0,46,0,345
0,47,32,345
0,48,0,360
0,49,32,360
0,50,0,375
0,51,32,375
0,52,0,390
0,53,32,390
0,54,0,405
0,55,32,405
0,56,0,420
0,57,32,420
0,58,0,435
0,59,32,435
0,60,0,450
0,61,32,450
0,62,0,465
0,63,32,465
0,64,0,480
0,65,32,480
0,66,0,495
0,67,32,495
0,68,0,510
0,69,32,510
0,70,0,525
0,71,32,525
0,72,0,540
0,73,32,540
0,74,0,555
0,75,32,555
0,76,0,570
0,77,32,570
0,78,0,585
0,79,32,585
0,80,0,600
0,81,32,600
0,82,0,615
0,83,32,615
0,84,0,630
0,85,32,630
0,86,0,645
0,87,32,645
0,88,0,660
0,89,32,660
0,90,0,675
0,91,32,675
0,92,0,690
0,93,32,690
0,94,0,705
0,95,32,705
0,96,0,720
0,97,32,720
0,98,0,735
0,99,32,735
0,100,0,750
0,101,32,750
0,102,0,765
0,103,32,765
0,104,0,780
0,105,32,780
0,106,0,795
0,107,32,795
0,108,0,810
0,109,32,810
0,110,0,825
0,111,32,825
0,112,0,840
0,113,32,840
0,114,0,855
0,115,32,855
0,116,0,870
0,117,32,870
0,118,0,885
0,119,32,885
0,120,0,900
0,121,32,900
0,122,0,915
0,123,32,915
0,124,0,930
0,125,32,930
0,126,0,945
0,127,32,945
0,128,0,960
0,129,32,960
0,130,0,975
0,131,32,975
0,132,0,990
0,133,32,990
0,134,0,1005
0,135,32,1005
0,136,0,1020
0,137,32,1020
0,138,0,1035
0,139,32,1035
0,140,0,1050
0,141,32,1050
0,142,0,1065
0,143,32,1065
0,144,0,1080
0,145,32,1080
0,146,0,1095
0,147,32,1095
0,148,0,1110
0,149,32,1110
0,150,0,1125
0,151,32,1125
0,152,0,1140
0,153,32,1140
0,154,0,1155
0,155,32,1155
0,156,0,1170
0,157,32,1170
0,158,0,1185
0,159,32,1185
0,160,0,1200
0,161,32,1200
0,162,0,1215
0,163,32,1215
0,164,0,1230
0,165,32,1230
0,166,0,1245
0,167,32,1245
0,168,0,1260
0,169,32,1260
0,170,0,1275
0,171,32,1275
0,172,0,1290
0,173,32,1290
0,174,0,1305
0,175,32,1305
0,176,0,1320
0,177,32,1320
0,178,0,1335
0,179,32,1335
0,180,0,1350
0,181,32,1350
0,182,0,1365
0,183,32,1365
0,184,0,1380
0,185,32,1380
0,186,0,1395
0,187,32,1395
0,188,0,1410
0,189,32,1410
0,190,0,1425
0,191,32,1425
0,192,0,1440
0,193,32,1440
0,194,0,1455
0,195,32,1455
0,196,0,1470
0,197,32,1470
0,198,0,1485
0,199,32,1485
0,200,0,1500
0,201,32,1500
0,202,0,1515
0,203,32,1515
0,204,0,1530
0,205,32,1530
0,206,0,1545
0,207,32,1545
0,208,0,1560
0,209,32,1560
0,210,0,1575
0,211,32,1575
0,212,0,1590
0,213,32,1590
0,214,0,1605
0,215,32,1605
0,216,0,1620
0,217,32,1620
0,218,0,1635
0,219,32,1635
0,220,0,1650
0,221,32,1650
0,222,0,1665
0,223,32,1665
0,224,0,1680
0,225,32,1680
0,226,0,1695
0,227,32,1695
0,228,0,1710
0,229,32,1710
0,230,0,1725
0,231,32,1725
0,232,0,1740
0,233,32,1740
0,234,0,1755
0,235,32,1755
0,236,0,1770
0,237,32,1770
0,238,0,1785
0,239,32,1785
0,240,0,1800
0,241,32,1800
0,242,0,1815
0,243,32,1815
0,244,0,1830
0,245,32,1830
0,246,0,1845
0,247,32,1845
0,248,0,1860
0,249,32,1860
0,250,0,1875
0,251,32,1875
0,252,0,1890
0,253,32,1890
0,254,0,1905
0,255,32,1905
0,256,0,1920
0,257,32,1920
0,258,0,1935
0,259,32,1935
0,260,0,1950
0,261,32,1950
0,262,0,1965
0,263,32,1965
0,264,0,1980
0,265,32,1980
0,266,0,1995
0,267,32,1995
0,268,0,2010
0,269,32,2010
0,270,0,2025
0,271,32,2025
0,272,0,2040
0,273,32,2040
0,274,0,2055
0,275,32,2055
0,276,0,2070
0,277,32,2070
0,278,0,2085
0,279,32,2085
0,280,0,2100
0,281,32,2100
0,282,0,2115
0,283,32,2115
0,284,0,2130
0,285,32,2130
0,286,0,2145
0,287,32,2145
0,288,0,2160
0,289,32,2160
0,290,0,2175
0,291,32,2175
0,292,0,2190
0,293,32,2190
0,294,0,2205
0,295,32,2205
0,296,0,2220
0,297,32,2220
0,298,0,2235
0,299,32,2235
0,300,0,2250
0,301,32,2250
0,302,0,2265
0,303,32,2265
0,304,0,2280
0,305,32,2280
0,306,0,2295
0,307,32,2295
0,308,0,2310
0,309,32,2310
0,310,0,2325
0,311,32,2325
0,312,0,2340
0,313,32,2340
0,314,0,2355
0,315,32,2355
0,316,0,2370
0,317,32,2370
0,318,0,2385
0,319,32,2385
0,320,0,2400
0,321,32,2400
0,322,0,2415
0,323,32,2415
0,324,0,2430
0,325,32,2430
0,326,0,2445
0,327,32,2445
0,328,0,2460
0,329,32,2460
0,330,0,2475
0,331,32,2475
0,332,0,2490
0,333,32,2490
0,334,0,2505
0,335,32,2505
0,336,0,2520
0,337,32,2520
0,338,0,2535
0,339,32,2535
0,340,0,2550
0,341,32,2550
0,342,0,2565
0,343,32,2565
0,344,0,2580
0,345,32,2580
0,346,0,2595
0,347,32,2595
0,348,0,2610
0,349,32,2610
0,350,0,2625
0,351,32,2625
0,352,0,2640
0,353,32,2640
0,354,0,2655
0,355,32,2655
0,356,0,2670
0,357,32,2670
0,358,0,2685
0,359,32,2685
0,360,0,2700
0,361,32,2700
0,362,0,2715
0,363,32,2715
0,364,0,2730
0,365,32,2730
0,366,0,2745
0,367,32,2745
0,368,0,2760
0,369,32,2760
0,370,0,2775
0,371,32,2775
0,372,0,2790
0,373,32,2790
0,374,0,2805
0,375,32,2805
0,376,0,2820
0,377,32,2820
0,378,0,2835
0,379,32,2835
0,380,0,2850
0,381,32,2850
0,382,0,2865
0,383,32,2865
0,384,0,2880
0,385,32,2880
0,386,0,2895
0,387,32,2895
0,388,0,2910
0,389,32,2910
0,390,0,2925
0,391,32,2925
0,392,0,2940
0,393,32,2940
0,394,0,2955
0,395,32,2955
0,396,0,2970
0,397,32,2970
0,398,0,2985
0,399,32,2985
0,400,0,3000
0,401,32,3000
0,402,0,3015
0,403,32,3015
0,404,0,3030
0,405,32,3030
0,406,0,3045
0,407,32,3045
0,408,0,3060
0,409,32,3060
0,410,0,3075
0,411,32,3075
0,412,0,3090
0,413,32,3090
0,414,0,3105
0,415,32,3105
0,416,0,3120
0,417,32,3120
0,418,0,3135
0,419,32,3135
0,420,0,3150
0,421,32,3150
0,422,0,3165
0,423,32,3165
0,424,0,3180
0,425,32,3180
0,426,0,3195
0,427,32,3195
0,428,0,3210
0,429,32,3210
0,430,0,3225
0,431,32,3225
0,432,0,3240
0,433,32,3240
0,434,0,3255
0,435,32,3255
0,436,0,3270
0,437,32,3270
0,438,0,3285
0,439,32,3285
0,440,0,3300
0,441,32,3300
0,442,0,3315
0,443,32,3315
0,444,0,3330
0,445,32,3330
0,446,0,3345
0,447,32,3345
0,448,0,3360
0,449,32,3360
0,450,0,3375
0,451,32,3375
0,452,0,3390
0,453,32,3390
0,454,0,3405
0,455,32,3405
0,456,0,3420
0,457,32,3420
0,458,0,3435
0,459,32,3435
0,460,0,3450
0,461,32,3450
0,462,0,3465
0,463,32,3465
0,464,0,3480
0,465,32,3480
0,466,0,3495
0,467,32,3495
0,468,0,3510
0,469,32,3510
0,470,0,3525
0,471,32,3525
0,472,0,3540
0,473,32,3540
0,474,0,3555
0,475,32,3555
0,476,0,3570
0,477,32,3570
0,478,0,3585
0,479,32,3585
0,480,0,3600
0,481,32,3600
0,482,0,3615
0,483,32,3615
0,484,0,3630
0,485,32,3630
0,486,0,3645
0,487,32,3645
0,488,0,3660
0,489,32,3660
0,490,0,3675
0,491,32,3675
0,492,0,3690
0,493,32,3690
0,494,0,3705
0,495,32,3705
0,496,0,3720
0,497,32,3720
0,498,0,3735
0,499,32,3735
0,500,0,3750
0,501,32,3750
0,502,0,3765
0,503,32,3765
0,504,0,3780
0,505,32,3780
0,506,0,3795
0,507,32,3795
0,508,0,3810
0,509,32,3810
0,510,0,3825
0,511,32,3825
0,512,0,3840
0,513,32,3840
0,514,0,3855
0,515,32,3855
0,516,0,3870
0,517,32,3870
0,518,0,3885
0,519,32,3885
0,520,0,3900
0,521,32,3900
0,522,0,3915
0,523,32,3915
0,524,0,3930
0,525,32,3930
0,526,0,3945
0,527,32,3945
0,528,0,3960
0,529,32,3960
0,530,0,3975
0,531,32,3975
0,532,0,3990
0,533,32,3990
0,534,0,4005
0,535,32,4005
0,536,0,4020
0,537,32,4020
0,538,0,4035
0,539,32,4035
0,540,0,4050
0,541,32,4050
0,542,0,4065
0,543,32,4065
0,544,0,4080
0,545,32,4080
0,546,0,4095
0,547,32,4095
0,548,0,4110
0,549,32,4110
0,550,0,4125
0,551,32,4125
0,552,0,4140
0,553,32,4140
0,554,0,4155
0,555,32,4155
0,556,0,4170
0,557,32,4170
0,558,0,4185
0,559,32,4185
0,560,0,4200
0,561,32,4200
0,562,0,4215
0,563,32,4215
0,564,0,4230
0,565,32,4230
0,566,0,4245
0,567,32,4245
0,568,0,4260
0,569,32,4260
0,570,0,4275
0,571,32,4275
0,572,0,4290
0,573,32,4290
0,574,0,4305
0,575,32,4305
0,576,0,4320
0,577,32,4320
0,578,0,4335
0,579,32,4335
0,580,0,4350
0,581,32,4350
0,582,0,4365
0,583,32,4365
0,584,0,4380
0,585,32,4380
0,586,0,4395
0,587,32,4395
0,588,0,4410
0,589,32,4410
0,590,0,4425
0,591,32,4425
0,592,0,4440
0,593,32,4440
0,594,0,4455
0,595,32,4455
0,596,0,4470
0,597,32,4470
0,598,0,4485
0,599,32,4485
0,600,0,4500
0,601,32,4500
0,602,0,4515
0,603,32,4515
0,604,0,4530
0,605,32,4530
0,606,0,4545
0,607,32,4545
0,608,0,4560
0,609,32,4560
0,610,0,4575
0,611,32,4575
0,612,0,4590
0,613,32,4590
0,614,0,4605
0,615,32,4605
0,616,0,4620
0,617,32,4620
0,618,0,4635
0,619,32,4635
0,620,0,4650
0,621,32,4650
0,622,0,4665
0,623,32,4665
0,624,0,4680
0,625,32,4680
0,626,0,4695
0,627,32,4695
0,628,0,4710
0,629,32,4710
0,630,0,4725
0,631,32,4725
0,632,0,4740
0,633,32,4740
0,634,0,4755
0,635,32,4755
0,636,0,4770
0,637,32,4770
0,638,0,4785
0,639,32,4785
0,640,0,4800
0,641,32,4800
0,642,0,4815
0,643,32,4815
0,644,0,4830
0,645,32,4830
0,646,0,4845
0,647,32,4845
0,648,0,4860
0,649,32,4860
0,650,0,4875
0,651,32,4875
0,652,0,4890
0,653,32,4890
0,654,0,4905
0,655,32,4905
0,656,0,4920
0,657,32,4920
0,658,0,4935
0,659,32,4935
0,660,0,4950
0,661,32,4950
0,662,0,4965
0,663,32,4965
0,664,0,4980
0,665,32,4980
0,666,0,4995
0,667,32,4995
0,668,0,5010
0,669,32,5010
0,670,0,5025
0,671,32,5025
0,672,0,5040
0,673,32,5040
0,674,0,5055
0,675,32,5055
0,676,0,5070
0,677,32,5070
0,678,0,5085
0,679,32,5085
0,680,0,5100
0,681,32,5100
0,682,0,5115
0,683,32,5115
0,684,0,5130
0,685,32,5130
0,686,0,5145
0,687,32,5145
0,688,0,5160
0,689,32,5160
0,690,0,5175
0,691,32,5175
0,692,0,5190
0,693,32,5190
0,694,0,5205
0,695,32,5205
0,696,0,5220
0,697,32,5220
0,698,0,5235
0,699,32,5235
0,700,0,5250
0,701,32,5250
0,702,0,5265
0,703,32,5265
0,704,0,5280
0,705,32,5280
0,706,0,5295
0,707,32,5295
0,708,0,5310
0,709,32,5310
0,710,0,5325
0,711,32,5325
0,712,0,5340
0,713,32,5340
0,714,0,5355
0,715,32,5355
0,716,0,5370
0,717,32,5370
0,718,0,5385
0,719,32,5385
0,720,0,5400
0,721,32,5400
0,722,0,5415
0,723,32,5415
0,724,0,5430
0,725,32,5430
0,726,0,5445
0,727,32,5445
0,728,0,5460
0,729,32,5460
0,730,0,5475
0,731,32,5475
0,732,0,5490
0,733,32,5490
0,734,0,5505
0,735,32,5505
0,736,0,5520
0,737,32,5520
0,738,0,5535
0,739,32,5535
0,740,0,5550
0,741,32,5550
0,742,0,5565
0,743,32,5565
0,744,0,5580
0,745,32,5580
0,746,0,5595
0,747,32,5595
0,748,0,5610
0,749,32,5610
0,750,0,5625
0,751,32,5625
0,752,0,5640
0,753,32,5640
0,754,0,5655
0,755,32,5655
0,756,0,5670
0,757,32,5670
0,758,0,5685
0,759,32,5685
0,760,0,5700
0,761,32,5700
0,762,0,5715
0,763,32,5715
0,764,0,5730
0,765,32,5730
0,766,0,5745
0,767,32,5745
0,768,0,5760
0,769,32,5760
0,770,0,5775
0,771,32,5775
0,772,0,5790
0,773,32,5790
0,774,0,5805
0,775,32,5805
0,776,0,5820
0,777,32,5820
0,778,0,5835
0,779,32,5835
0,780,0,5850
0,781,32,5850
0,782,0,5865
0,783,32,5865
0,784,0,5880
0,785,32,5880
0,786,0,5895
0,787,32,5895
0,788,0,5910
0,789,32,5910
0,790,0,5925
0,791,32,5925
0,792,0,5940
0,793,32,5940
0,794,0,5955
0,795,32,5955
0,796,0,5970
0,797,32,5970
0,798,0,5985
0,799,32,5985
0,800,0,6000
0,801,32,6000
0,802,0,6015
0,803,32,6015
0,804,0,6030
0,805,32,6030
0,806,0,6045
0,807,32,6045
0,808,0,6060
0,809,32,6060
0,810,0,6075
0,811,32,6075
0,812,0,6090
0,813,32,6090
0,814,0,6105
0,815,32,6105
0,816,0,6120
0,817,32,6120
0,818,0,6135
0,819,32,6135
0,820,0,6150
0,821,32,6150
0,822,0,6165
0,823,32,6165
0,824,0,6180
0,825,32,6180
0,826,0,6195
0,827,32,6195
0,828,0,6210
0,829,32,6210
0,830,0,6225
0,831,32,6225
0,832,0,6240
0,833,32,6240
0,834,0,6255
0,835,32,6255
0,836,0,6270
0,837,32,6270
0,838,0,6285
0,839,32,6285
0,840,0,6300
0,841,32,6300
0,842,0,6315
0,843,32,6315
0,844,0,6330
0,845,32,6330
0,846,0,6345
0,847,32,6345
0,848,0,6360
0,849,32,6360
0,850,0,6375
0,851,32,6375
0,852,0,6390
0,853,32,6390
0,854,0,6405
0,855,32,6405
0,856,0,6420
0,857,32,6420
0,858,0,6435
0,859,32,6435
0,860,0,6450
0,861,32,6450
0,862,0,6465
0,863,32,6465
0,864,0,6480
0,865,32,6480
0,866,0,6495
0,867,32,6495
0,868,0,6510
0,869,32,6510
0,870,0,6525
0,871,32,6525
0,872,0,6540
0,873,32,6540
0,874,0,6555
0,875,32,6555
0,876,0,6570
0,877,32,6570
0,878,0,6585
0,879,32,6585
0,880,0,6600
0,881,32,6600
0,882,0,6615
0,883,32,6615
0,884,0,6630
0,885,32,6630
0,886,0,6645
0,887,32,6645
0,888,0,6660
0,889,32,6660
0,890,0,6675
0,891,32,6675
0,892,0,6690
0,893,32,6690
0,894,0,6705
0,895,32,6705
0,896,0,6720
0,897,32,6720
0,898,0,6735
0,899,32,6735
0,900,0,6750
0,901,32,6750
0,902,0,6765
0,903,32,6765
0,904,0,6780
0,905,32,6780
0,906,0,6795
0,907,32,6795
0,908,0,6810
0,909,32,6810
0,910,0,6825
0,911,32,6825
0,912,0,6840
0,913,32,6840
0,914,0,6855
0,915,32,6855
0,916,0,6870
0,917,32,6870
0,918,0,6885
0,919,32,6885
0,920,0,6900
0,921,32,6900
0,922,0,6915
0,923,32,6915
0,924,0,6930
0,925,32,6930
0,926,0,6945
0,927,32,6945
0,928,0,6960
0,929,32,6960
0,930,0,6975
0,931,32,6975
0,932,0,6990
0,933,32,6990
0,934,0,7005
0,935,32,7005
0,936,0,7020
0,937,32,7020
0,938,0,7035
0,939,32,7035
0,940,0,7050
0,941,32,7050
0,942,0,7065
0,943,32,7065
0,944,0,7080
0,945,32,7080
0,946,0,7095
0,947,32,7095
0,948,0,7110
0,949,32,7110
0,950,0,7125
0,951,32,7125
0,952,0,7140
0,953,32,7140
0,954,0,7155
0,955,32,7155
0,956,0,7170
0,957,32,7170
0,958,0,7185
0,959,32,7185
0,960,0,7200
0,961,32,7200
0,962,0,7215
0,963,32,7215
0,964,0,7230
0,965,32,7230
0,966,0,7245
0,967,32,7245
0,968,0,7260
0,969,32,7260
0,970,0,7275
0,971,32,7275
0,972,0,7290
0,973,32,7290
0,974,0,7305
0,975,32,7305
0,976,0,7320
0,977,32,7320
0,978,0,7335
0,979,32,7335
0,980,0,7350
0,981,32,7350
0,982,0,7365
0,983,32,7365
0,984,0,7380
0,985,32,7380
0,986,0,7395
0,987,32,7395
0,988,0,7410
0,989,32,7410
0,990,0,7425
0,991,32,7425
0,992,0,7440
0,993,32,7440
0,994,0,7455
0,995,32,7455
0,996,0,7470
0,997,32,7470
0,998,0,7485
0,999,32,7485
0,1000,0,7500
0,1001,32,7500
0,1002,0,7515
0,1003,32,7515
0,1004,0,7530
0,1005,32,7530
0,1006,0,7545
0,1007,32,7545
0,1008,0,7560
0,1009,32,7560
0,1010,0,7575
0,1011,32,7575
0,1012,0,7590
0,1013,32,7590
0,1014,0,7605
0,1015,32,7605
0,1016,0,7620
0,1017,32,7620
0,1018,0,7635
0,1019,32,7635
0,1020,0,7650
0,1021,32,7650
0,1022,0,7665
0,1023,32,7665
0,1024,0,7680
0,1025,32,7680
0,1026,0,7695
0,1027,32,7695
0,1028,0,7710
0,1029,32,7710
0,1030,0,7725
0,1031,32,7725
0,1032,0,7740
0,1033,32,7740
0,1034,0,7755
0,1035,32,7755
0,1036,0,7770
0,1037,32,7770
0,1038,0,7785
0,1039,32,7785
0,1040,0,7800
0,1041,32,7800
0,1042,0,7815
0,1043,32,7815
0,1044,0,7830
0,1045,32,7830
0,1046,0,7845
0,1047,32,7845
0,1048,0,7860
0,1049,32,7860
0,1050,0,7875
0,1051,32,7875
0,1052,0,7890
0,1053,32,7890
0,1054,0,7905
0,1055,32,7905
0,1056,0,7920
0,1057,32,7920
0,1058,0,7935
0,1059,32,7935
0,1060,0,7950
0,1061,32,7950
0,1062,0,7965
0,1063,32,7965
0,1064,0,7980
0,1065,32,7980
0,1066,0,7995
0,1067,32,7995
0,1068,0,8010
0,1069,32,8010
0,1070,0,8025
0,1071,32,8025
0,1072,0,8040
0,1073,32,8040
0,1074,0,8055
0,1075,32,8055
0,1076,0,8070
0,1077,32,8070
0,1078,0,8085
0,1079,32,8085
0,1080,0,8100
0,1081,32,8100
0,1082,0,8115
0,1083,32,8115
0,1084,0,8130
0,1085,32,8130
0,1086,0,8145
0,1087,32,8145
0,1088,0,8160
0,1089,32,8160
0,1090,0,8175
0,1091,32,8175
0,1092,0,8190
0,1093,32,8190
0,1094,0,8205
0,1095,32,8205
0,1096,0,8220
0,1097,32,8220
0,1098,0,8235
0,1099,32,8235
0,1100,0,8250
0,1101,32,8250
0,1102,0,8265
0,1103,32,8265
0,1104,0,8280
0,1105,32,8280
0,1106,0,8295
0,1107,32,8295
0,1108,0,8310
0,1109,32,8310
0,1110,0,8325
0,1111,32,8325
0,1112,0,8340
0,1113,32,8340
0,1114,0,8355
0,1115,32,8355
0,1116,0,8370
0,1117,32,8370
0,1118,0,8385
0,1119,32,8385
0,1120,0,8400
0,1121,32,8400
0,1122,0,8415
0,1123,32,8415
0,1124,0,8430
0,1125,32,8430
0,1126,0,8445
0,1127,32,8445
0,1128,0,8460
0,1129,32,8460
0,1130,0,8475
0,1131,32,8475
0,1132,0,8490
0,1133,32,8490
0,1134,0,8505
0,1135,32,8505
0,1136,0,8520
0,1137,32,8520
0,1138,0,8535
0,1139,32,8535
0,1140,0,8550
0,1141,32,8550
0,1142,0,8565
0,1143,32,8565
0,1144,0,8580
0,1145,32,8580
0,1146,0,8595
0,1147,32,8595
0,1148,0,8610
0,1149,32,8610
0,1150,0,8625
0,1151,32,8625
0,1152,0,8640
0,1153,32,8640
0,1154,0,8655
0,1155,32,8655
0,1156,0,8670
0,1157,32,8670
0,1158,0,8685
0,1159,32,8685
0,1160,0,8700
0,1161,32,8700
0,1162,0,8715
0,1163,32,8715
0,1164,0,8730
0,1165,32,8730
0,1166,0,8745
0,1167,32,8745
0,1168,0,8760
0,1169,32,8760
0,1170,0,8775
0,1171,32,8775
0,1172,0,8790
0,1173,32,8790
0,1174,0,8805
0,1175,32,8805
0,1176,0,8820
0,1177,32,8820
0,1178,0,8835
0,1179,32,8835
0,1180,0,8850
0,1181,32,8850
0,1182,0,8865
0,1183,32,8865
0,1184,0,8880
0,1185,32,8880
0,1186,0,8895
0,1187,32,8895
0,1188,0,8910
0,1189,32,8910
0,1190,0,8925
0,1191,32,8925
0,1192,0,8940
0,1193,32,8940
0,1194,0,8955
0,1195,32,8955
0,1196,0,8970
0,1197,32,8970
0,1198,0,8985
0,1199,32,8985
0,1200,0,9000
0,1201,32,9000
0,1202,0,9015
0,1203,32,9015
0,1204,0,9030
0,1205,32,9030
0,1206,0,9045
0,1207,32,9045
0,1208,0,9060
0,1209,32,9060
0,1210,0,9075
0,1211,32,9075
0,1212,0,9090
0,1213,32,9090
0,1214,0,9105
0,1215,32,9105
0,1216,0,9120
0,1217,32,9120
0,1218,0,9135
0,1219,32,9135
0,1220,0,9150
0,1221,32,9150
0,1222,0,9165
0,1223,32,9165
0,1224,0,9180
0,1225,32,9180
0,1226,0,9195
0,1227,32,9195
0,1228,0,9210
0,1229,32,9210
0,1230,0,9225
0,1231,32,9225
0,1232,0,9240
0,1233,32,9240
0,1234,0,9255
0,1235,32,9255
0,1236,0,9270
0,1237,32,9270
0,1238,0,9285
0,1239,32,9285
0,1240,0,9300
0,1241,32,9300
0,1242,0,9315
0,1243,32,9315
0,1244,0,9330
0,1245,32,9330
0,1246,0,9345
0,1247,32,9345
0,1248,0,9360
0,1249,32,9360
0,1250,0,9375
0,1251,32,9375
0,1252,0,9390
0,1253,32,9390
0,1254,0,9405
0,1255,32,9405
0,1256,0,9420
0,1257,32,9420
0,1258,0,9435
0,1259,32,9435
0,1260,0,9450
0,1261,32,9450
0,1262,0,9465
0,1263,32,9465
0,1264,0,9480
0,1265,32,9480
0,1266,0,9495
0,1267,32,9495
0,1268,0,9510
0,1269,32,9510
0,1270,0,9525
0,1271,32,9525
0,1272,0,9540
0,1273,32,9540
0,1274,0,9555
0,1275,32,9555
0,1276,0,9570
0,1277,32,9570
0,1278,0,9585
0,1279,32,9585
1,0,0,0
1,1,32,0
1,2,0,15
1,3,32,15
1,4,0,30
1,5,32,30
1,6,0,45
1,7,32,45
1,8,0,60
1,9,32,60
1,10,0,75
1,11,32,75
1,12,0,90
1,13,32,90
1,14,0,105
1,15,32,105
1,16,0,120
1,17,32,120
1,18,0,135
1,19,32,135
1,20,0,150
1,21,32,150
1,22,0,165
1,23,32,165
1,24,0,180
1,25,32,180
1,26,0,195
1,27,32,195
1,28,0,210
1,29,32,210
1,30,0,225
1,31,32,225
1,32,0,240
1,33,32,240
1,34,0,255
1,35,32,255
1,36,0,270
1,37,32,270
1,38,0,285
1,39,32,285
1,40,0,300
1,41,32,300
1,42,0,315
1,43,32,315
1,44,0,330
1,45,32,330
1,46,0,345
1,47,32,345
1,48,0,360
1,49,32,360
1,50,0,375
1,51,32,375
1,52,0,390
1,53,32,390
1,54,0,405
1,55,32,405
1,56,0,420
1,57,32,420
1,58,0,435
1,59,32,435
1,60,0,450
1,61,32,450
1,62,0,465
1,63,32,465
1,64,0,480
1,65,32,480
1,66,0,495
1,67,32,495
1,68,0,510
1,69,32,510
1,70,0,525
1,71,32,525
1,72,0,540
1,73,32,540
1,74,0,555
1,75,32,555
1,76,0,570
1,77,32,570
1,78,0,585
1,79,32,585
1,80,0,600
1,81,32,600
1,82,0,615
1,83,32,615
1,84,0,630
1,85,32,630
1,86,0,645
1,87,32,645
1,88,0,660
1,89,32,660
1,90,0,675
1,91,32,675
1,92,0,690
1,93,32,690
1,94,0,705
1,95,32,705
1,96,0,720
1,97,32,720
1,98,0,735
1,99,32,735
1,100,0,750
1,101,32,750
1,102,0,765
1,103,32,765
1,104,0,780
1,105,32,780
1,106,0,795
1,107,32,795
1,108,0,810
1,109,32,810
1,110,0,825
1,111,32,825
1,112,0,840
1,113,32,840
1,114,0,855
1,115,32,855
1,116,0,870
1,117,32,870
1,118,0,885
1,119,32,885
1,120,0,900
1,121,32,900
1,122,0,915
1,123,32,915
1,124,0,930
1,125,32,930
1,126,0,945
1,127,32,945
1,128,0,960
1,129,32,960
1,130,0,975
1,131,32,975
1,132,0,990
1,133,32,990
1,134,0,1005
1,135,32,1005
1,136,0,1020
1,137,32,1020
1,138,0,1035
1,139,32,1035
1,140,0,1050
1,141,32,1050
1,142,0,1065
1,143,32,1065
1,144,0,1080
1,145,32,1080
1,146,0,1095
1,147,32,1095
1,148,0,1110
1,149,32,1110
1,150,0,1125
1,151,32,1125
1,152,0,1140
1,153,32,1140
1,154,0,1155
1,155,32,1155
1,156,0,1170
1,157,32,1170
1,158,0,1185
1,159,32,1185
1,160,0,1200
1,161,32,1200
1,162,0,1215
1,163,32,1215
1,164,0,1230
1,165,32,1230
1,166,0,1245
1,167,32,1245
1,168,0,1260
1,169,32,1260
1,170,0,1275
1,171,32,1275
1,172,0,1290
1,173,32,1290
1,174,0,1305
1,175,32,1305
1,176,0,1320
1,177,32,1320
1,178,0,1335
1,179,32,1335
1,180,0,1350
1,181,32,1350
1,182,0,1365
1,183,32,1365
1,184,0,1380
1,185,32,1380
1,186,0,1395
1,187,32,1395
1,188,0,1410
1,189,32,1410
1,190,0,1425
1,191,32,1425
1,192,0,1440
1,193,32,1440
1,194,0,1455
1,195,32,1455
1,196,0,1470
1,197,32,1470
1,198,0,1485
1,199,32,1485
1,200,0,1500
1,201,32,1500
1,202,0,1515
1,203,32,1515
1,204,0,1530
1,205,32,1530
1,206,0,1545
1,207,32,1545
1,208,0,1560
1,209,32,1560
1,210,0,1575
1,211,32,1575
1,212,0,1590
1,213,32,1590
1,214,0,1605
1,215,32,1605
1,216,0,1620
1,217,32,1620
1,218,0,1635
1,219,32,1635
1,220,0,1650
1,221,32,1650
1,222,0,1665
1,223,32,1665
1,224,0,1680
1,225,32,1680
1,226,0,1695
1,227,32,1695
1,228,0,1710
1,229,32,1710
1,230,0,1725
1,231,32,1725
1,232,0,1740
1,233,32,1740
1,234,0,1755
1,235,32,1755
1,236,0,1770
1,237,32,1770
1,238,0,1785
1,239,32,1785
1,240,0,1800
1,241,32,1800
1,242,0,1815
1,243,32,1815
1,244,0,1830
1,245,32,1830
1,246,0,1845
1,247,32,1845
1,248,0,1860
1,249,32,1860
1,250,0,1875
1,251,32,1875
1,252,0,1890
1,253,32,1890
1,254,0,1905
1,255,32,1905
1,256,0,1920
1,257,32,1920
1,258,0,1935
1,259,32,1935
1,260,0,1950
1,261,32,1950
1,262,0,1965
1,263,32,1965
1,264,0,1980
1,265,32,1980
1,266,0,1995
1,267,32,1995
1,268,0,2010
1,269,32,2010
1,270,0,2025
1,271,32,2025
1,272,0,2040
1,273,32,2040
1,274,0,2055
1,275,32,2055
1,276,0,2070
1,277,32,2070
1,278,0,2085
1,279,32,2085
1,280,0,2100
1,281,32,2100
1,282,0,2115
1,283,32,2115
1,284,0,2130
1,285,32,2130
1,286,0,2145
1,287,32,2145
1,288,0,2160
1,289,32,2160
1,290,0,2175
1,291,32,2175
1,292,0,2190
1,293,32,2190
1,294,0,2205
1,295,32,2205
1,296,0,2220
1,297,32,2220
1,298,0,2235
1,299,32,2235
1,300,0,2250
1,301,32,2250
1,302,0,2265
1,303,32,2265
1,304,0,2280
1,305,32,2280
1,306,0,2295
1,307,32,2295
1,308,0,2310
1,309,32,2310
1,310,0,2325
1,311,32,2325
1,312,0,2340
1,313,32,2340
1,314,0,2355
1,315,32,2355
1,316,0,2370
1,317,32,2370
1,318,0,2385
1,319,32,2385
1,320,0,2400
1,321,32,2400
1,322,0,2415
1,323,32,2415
1,324,0,2430
1,325,32,2430
1,326,0,2445
1,327,32,2445
1,328,0,2460
1,329,32,2460
1,330,0,2475
1,331,32,2475
1,332,0,2490
1,333,32,2490
1,334,0,2505
1,335,32,2505
1,336,0,2520
1,337,32,2520
1,338,0,2535
1,339,32,2535
1,340,0,2550
1,341,32,2550
1,342,0,2565
1,343,32,2565
1,344,0,2580
1,345,32,2580
1,346,0,2595
1,347,32,2595
1,348,0,2610
1,349,32,2610
1,350,0,2625
1,351,32,2625
1,352,0,2640
1,353,32,2640
1,354,0,2655
1,355,32,2655
1,356,0,2670
1,357,32,2670
1,358,0,2685
1,359,32,2685
1,360,0,2700
1,361,32,2700
1,362,0,2715
1,363,32,2715
1,364,0,2730
1,365,32,2730
1,366,0,2745
1,367,32,2745
1,368,0,2760
1,369,32,2760
1,370,0,2775
1,371,32,2775
1,372,0,2790
1,373,32,2790
1,374,0,2805
1,375,32,2805
1,376,0,2820
1,377,32,2820
1,378,0,2835
1,379,32,2835
1,380,0,2850
1,381,32,2850
1,382,0,2865
1,383,32,2865
1,384,0,2880
1,385,32,2880
1,386,0,2895
1,387,32,2895
1,388,0,2910
1,389,32,2910
1,390,0,2925
1,391,32,2925
1,392,0,2940
1,393,32,2940
1,394,0,2955
1,395,32,2955
1,396,0,2970
1,397,32,2970
1,398,0,2985
1,399,32,2985
1,400,0,3000
1,401,32,3000
1,402,0,3015
1,403,32,3015
1,404,0,3030
1,405,32,3030
1,406,0,3045
1,407,32,3045
1,408,0,3060
1,409,32,3060
1,410,0,3075
1,411,32,3075
1,412,0,3090
1,413,32,3090
1,414,0,3105
1,415,32,3105
1,416,0,3120
1,417,32,3120
1,418,0,3135
1,419,32,3135
1,420,0,3150
1,421,32,3150
1,422,0,3165
1,423,32,3165
1,424,0,3180
1,425,32,3180
1,426,0,3195
1,427,32,3195
1,428,0,3210
1,429,32,3210
1,430,0,3225
1,431,32,3225
1,432,0,3240
1,433,32,3240
1,434,0,3255
1,435,32,3255
1,436,0,3270
1,437,32,3270
1,438,0,3285
1,439,32,3285
1,440,0,3300
1,441,32,3300
1,442,0,3315
1,443,32,3315
1,444,0,3330
1,445,32,3330
1,446,0,3345
1,447,32,3345
1,448,0,3360
1,449,32,3360
1,450,0,3375
1,451,32,3375
1,452,0,3390
1,453,32,3390
1,454,0,3405
1,455,32,3405
1,456,0,3420
1,457,32,3420
1,458,0,3435
1,459,32,3435
1,460,0,3450
1,461,32,3450
1,462,0,3465
1,463,32,3465
1,464,0,3480
1,465,32,3480
1,466,0,3495
1,467,32,3495
1,468,0,3510
1,469,32,3510
1,470,0,3525
1,471,32,3525
1,472,0,3540
1,473,32,3540
1,474,0,3555
1,475,32,3555
1,476,0,3570
1,477,32,3570
1,478,0,3585
1,479,32,3585
1,480,0,3600
1,481,32,3600
1,482,0,3615
1,483,32,3615
1,484,0,3630
1,485,32,3630
1,486,0,3645
1,487,32,3645
1,488,0,3660
1,489,32,3660
1,490,0,3675
1,491,32,3675
1,492,0,3690
1,493,32,3690
1,494,0,3705
1,495,32,3705
1,496,0,3720
1,497,32,3720
1,498,0,3735
1,499,32,3735
1,500,0,3750
1,501,32,3750
1,502,0,3765
1,503,32,3765
1,504,0,3780
1,505,32,3780
1,506,0,3795
1,507,32,3795
1,508,0,3810
1,509,32,3810
1,510,0,3825
1,511,32,3825
1,512,0,3840
1,513,32,3840
1,514,0,3855
1,515,32,3855
1,516,0,3870
1,517,32,3870
1,518,0,3885
1,519,32,3885
1,520,0,3900
1,521,32,3900
1,522,0,3915
1,523,32,3915
1,524,0,3930
1,525,32,3930
1,526,0,3945
1,527,32,3945
1,528,0,3960
1,529,32,3960
1,530,0,3975
1,531,32,3975
1,532,0,3990
1,533,32,3990
1,534,0,4005
1,535,32,4005
1,536,0,4020
1,537,32,4020
1,538,0,4035
1,539,32,4035
1,540,0,4050
1,541,32,4050
1,542,0,4065
1,543,32,4065
1,544,0,4080
1,545,32,4080
1,546,0,4095
1,547,32,4095
1,548,0,4110
1,549,32,4110
1,550,0,4125
1,551,32,4125
1,552,0,4140
1,553,32,4140
1,554,0,4155
1,555,32,4155
1,556,0,4170
1,557,32,4170
1,558,0,4185
1,559,32,4185
1,560,0,4200
1,561,32,4200
1,562,0,4215
1,563,32,4215
1,564,0,4230
1,565,32,4230
1,566,0,4245
1,567,32,4245
1,568,0,4260
1,569,32,4260
1,570,0,4275
1,571,32,4275
1,572,0,4290
1,573,32,4290
1,574,0,4305
1,575,32,4305
1,576,0,4320
1,577,32,4320
1,578,0,4335
1,579,32,4335
1,580,0,4350
1,581,32,4350
1,582,0,4365
1,583,32,4365
1,584,0,4380
1,585,32,4380
1,586,0,4395
1,587,32,4395
1,588,0,4410
1,589,32,4410
1,590,0,4425
1,591,32,4425
1,592,0,4440
1,593,32,4440
1,594,0,4455
1,595,32,4455
1,596,0,4470
1,597,32,4470
1,598,0,4485
1,599,32,4485
1,600,0,4500
1,601,32,4500
1,602,0,4515
1,603,32,4515
1,604,0,4530
1,605,32,4530
1,606,0,4545
1,607,32,4545
1,608,0,4560
1,609,32,4560
1,610,0,4575
1,611,32,4575
1,612,0,4590
1,613,32,4590
1,614,0,4605
1,615,32,4605
1,616,0,4620
1,617,32,4620
1,618,0,4635
1,619,32,4635
1,620,0,4650
1,621,32,4650
1,622,0,4665
1,623,32,4665
1,624,0,4680
1,625,32,4680
1,626,0,4695
1,627,32,4695
1,628,0,4710
1,629,32,4710
1,630,0,4725
1,631,32,4725
1,632,0,4740
1,633,32,4740
1,634,0,4755
1,635,32,4755
1,636,0,4770
1,637,32,4770
1,638,0,4785
1,639,32,4785
1,640,0,4800
1,641,32,4800
1,642,0,4815
1,643,32,4815
1,644,0,4830
1,645,32,4830
1,646,0,4845
1,647,32,4845
1,648,0,4860
1,649,32,4860
1,650,0,4875
1,651,32,4875
1,652,0,4890
1,653,32,4890
1,654,0,4905
1,655,32,4905
1,656,0,4920
1,657,32,4920
1,658,0,4935
1,659,32,4935
1,660,0,4950
1,661,32,4950
1,662,0,4965
1,663,32,4965
1,664,0,4980
1,665,32,4980
1,666,0,4995
1,667,32,4995
1,668,0,5010
1,669,32,5010
1,670,0,5025
1,671,32,5025
1,672,0,5040
1,673,32,5040
1,674,0,5055
1,675,32,5055
1,676,0,5070
1,677,32,5070
1,678,0,5085
1,679,32,5085
1,680,0,5100
1,681,32,5100
1,682,0,5115
1,683,32,5115
1,684,0,5130
1,685,32,5130
1,686,0,5145
1,687,32,5145
1,688,0,5160
1,689,32,5160
1,690,0,5175
1,691,32,5175
1,692,0,5190
1,693,32,5190
1,694,0,5205
1,695,32,5205
1,696,0,5220
1,697,32,5220
1,698,0,5235
1,699,32,5235
1,700,0,5250
1,701,32,5250
1,702,0,5265
1,703,32,5265
1,704,0,5280
1,705,32,5280
1,706,0,5295
1,707,32,5295
1,708,0,5310
1,709,32,5310
1,710,0,5325
1,711,32,5325
1,712,0,5340
1,713,32,5340
1,714,0,5355
1,715,32,5355
1,716,0,5370
1,717,32,5370
1,718,0,5385
1,719,32,5385
1,720,0,5400
1,721,32,5400
1,722,0,5415
1,723,32,5415
1,724,0,5430
1,725,32,5430
1,726,0,5445
1,727,32,5445
1,728,0,5460
1,729,32,5460
1,730,0,5475
1,731,32,5475
1,732,0,5490
1,733,32,5490
1,734,0,5505
1,735,32,5505
1,736,0,5520
1,737,32,5520
1,738,0,5535
1,739,32,5535
1,740,0,5550
1,741,32,5550
1,742,0,5565
1,743,32,5565
1,744,0,5580
1,745,32,5580
1,746,0,5595
1,747,32,5595
1,748,0,5610
1,749,32,5610
1,750,0,5625
1,751,32,5625
1,752,0,5640
1,753,32,5640
1,754,0,5655
1,755,32,5655
1,756,0,5670
1,757,32,5670
1,758,0,5685
1,759,32,5685
1,760,0,5700
1,761,32,5700
1,762,0,5715
1,763,32,5715
1,764,0,5730
1,765,32,5730
1,766,0,5745
1,767,32,5745
1,768,0,5760
1,769,32,5760
1,770,0,5775
1,771,32,5775
1,772,0,5790
1,773,32,5790
1,774,0,5805
1,775,32,5805
1,776,0,5820
1,777,32,5820
1,778,0,5835
1,779,32,5835
1,780,0,5850
1,781,32,5850
1,782,0,5865
1,783,32,5865
1,784,0,5880
1,785,32,5880
1,786,0,5895
1,787,32,5895
1,788,0,5910
1,789,32,5910
1,790,0,5925
1,791,32,5925
1,792,0,5940
1,793,32,5940
1,794,0,5955
1,795,32,5955
1,796,0,5970
1,797,32,5970
1,798,0,5985
1,799,32,5985
1,800,0,6000
1,801,32,6000
1,802,0,6015
1,803,32,6015
1,804,0,6030
1,805,32,6030
1,806,0,6045
1,807,32,6045
1,808,0,6060
1,809,32,6060
1,810,0,6075
1,811,32,6075
1,812,0,6090
1,813,32,6090
1,814,0,6105
1,815,32,6105
1,816,0,6120
1,817,32,6120
1,818,0,6135
1,819,32,6135
1,820,0,6150
1,821,32,6150
1,822,0,6165
1,823,32,6165
1,824,0,6180
1,825,32,6180
1,826,0,6195
1,827,32,6195
1,828,0,6210
1,829,32,6210
1,830,0,6225
1,831,32,6225
1,832,0,6240
1,833,32,6240
1,834,0,6255
1,835,32,6255
1,836,0,6270
1,837,32,6270
1,838,0,6285
1,839,32,6285
1,840,0,6300
1,841,32,6300
1,842,0,6315
1,843,32,6315
1,844,0,6330
1,845,32,6330
1,846,0,6345
1,847,32,6345
1,848,0,6360
1,849,32,6360
1,850,0,6375
1,851,32,6375
1,852,0,6390
1,853,32,6390
1,854,0,6405
1,855,32,6405
1,856,0,6420
1,857,32,6420
1,858,0,6435
1,859,32,6435
1,860,0,6450
1,861,32,6450
1,862,0,6465
1,863,32,6465
1,864,0,6480
1,865,32,6480
1,866,0,6495
1,867,32,6495
1,868,0,6510
1,869,32,6510
1,870,0,6525
1,871,32,6525
1,872,0,6540
1,873,32,6540
1,874,0,6555
1,875,32,6555
1,876,0,6570
1,877,32,6570
1,878,0,6585
1,879,32,6585
1,880,0,6600
1,881,32,6600
1,882,0,6615
1,883,32,6615
1,884,0,6630
1,885,32,6630
1,886,0,6645
1,887,32,6645
1,888,0,6660
1,889,32,6660
1,890,0,6675
1,891,32,6675
1,892,0,6690
1,893,32,6690
1,894,0,6705
1,895,32,6705
1,896,0,6720
1,897,32,6720
1,898,0,6735
1,899,32,6735
1,900,0,6750
1,901,32,6750
1,902,0,6765
1,903,32,6765
1,904,0,6780
1,905,32,6780
1,906,0,6795
1,907,32,6795
1,908,0,6810
1,909,32,6810
1,910,0,6825
1,911,32,6825
1,912,0,6840
1,913,32,6840
1,914,0,6855
1,915,32,6855
1,916,0,6870
1,917,32,6870
1,918,0,6885
1,919,32,6885
1,920,0,6900
1,921,32,6900
1,922,0,6915
1,923,32,6915
1,924,0,6930
1,925,32,6930
1,926,0,6945
1,927,32,6945
1,928,0,6960
1,929,32,6960
1,930,0,6975
1,931,32,6975
1,932,0,6990
1,933,32,6990
1,934,0,7005
1,935,32,7005
1,936,0,7020
1,937,32,7020
1,938,0,7035
1,939,32,7035
1,940,0,7050
1,941,32,7050
1,942,0,7065
1,943,32,7065
1,944,0,7080
1,945,32,7080
1,946,0,7095
1,947,32,7095
1,948,0,7110
1,949,32,7110
1,950,0,7125
1,951,32,7125
1,952,0,7140
1,953,32,7140
1,954,0,7155
1,955,32,7155
1,956,0,7170
1,957,32,7170
1,958,0,7185
1,959,32,7185
1,960,0,7200
1,961,32,7200
1,962,0,7215
1,963,32,7215
1,964,0,7230
1,965,32,7230
1,966,0,7245
1,967,32,7245
1,968,0,7260
1,969,32,7260
1,970,0,7275
1,971,32,7275
1,972,0,7290
1,973,32,7290
1,974,0,7305
1,975,32,7305
1,976,0,7320
1,977,32,7320
1,978,0,7335
1,979,32,7335
1,980,0,7350
1,981,32,7350
1,982,0,7365
1,983,32,7365
1,984,0,7380
1,985,32,7380
1,986,0,7395
1,987,32,7395
1,988,0,7410
1,989,32,7410
1,990,0,7425
1,991,32,7425
1,992,0,7440
1,993,32,7440
1,994,0,7455
1,995,32,7455
1,996,0,7470
1,997,32,7470
1,998,0,7485
1,999,32,7485
1,1000,0,7500
1,1001,32,7500
1,1002,0,7515
1,1003,32,7515
1,1004,0,7530
1,1005,32,7530
1,1006,0,7545
1,1007,32,7545
1,1008,0,7560
1,1009,32,7560
1,1010,0,7575
1,1011,32,7575
1,1012,0,7590
1,1013,32,7590
1,1014,0,7605
1,1015,32,7605
1,1016,0,7620
1,1017,32,7620
1,1018,0,7635
1,1019,32,7635
1,1020,0,7650
1,1021,32,7650
1,1022,0,7665
1,1023,32,7665
1,1024,0,7680
1,1025,32,7680
1,1026,0,7695
1,1027,32,7695
1,1028,0,7710
1,1029,32,7710
1,1030,0,7725
1,1031,32,7725
1,1032,0,7740
1,1033,32,7740
1,1034,0,7755
1,1035,32,7755
1,1036,0,7770
1,1037,32,7770
1,1038,0,7785
1,1039,32,7785
1,1040,0,7800
1,1041,32,7800
1,1042,0,7815
1,1043,32,7815
1,1044,0,7830
1,1045,32,7830
1,1046,0,7845
1,1047,32,7845
1,1048,0,7860
1,1049,32,7860
1,1050,0,7875
1,1051,32,7875
1,1052,0,7890
1,1053,32,7890
1,1054,0,7905
1,1055,32,7905
1,1056,0,7920
1,1057,32,7920
1,1058,0,7935
1,1059,32,7935
1,1060,0,7950
1,1061,32,7950
1,1062,0,7965
1,1063,32,7965
1,1064,0,7980
1,1065,32,7980
1,1066,0,7995
1,1067,32,7995
1,1068,0,8010
1,1069,32,8010
1,1070,0,8025
1,1071,32,8025
1,1072,0,8040
1,1073,32,8040
1,1074,0,8055
1,1075,32,8055
1,1076,0,8070
1,1077,32,8070
1,1078,0,8085
1,1079,32,8085
1,1080,0,8100
1,1081,32,8100
1,1082,0,8115
1,1083,32,8115
1,1084,0,8130
1,1085,32,8130
1,1086,0,8145
1,1087,32,8145
1,1088,0,8160
1,1089,32,8160
1,1090,0,8175
1,1091,32,8175
1,1092,0,8190
1,1093,32,8190
1,1094,0,8205
1,1095,32,8205
1,1096,0,8220
1,1097,32,8220
1,1098,0,8235
1,1099,32,8235
1,1100,0,8250
1,1101,32,8250
1,1102,0,8265
1,1103,32,8265
1,1104,0,8280
1,1105,32,8280
1,1106,0,8295
1,1107,32,8295
1,1108,0,8310
1,1109,32,8310
1,1110,0,8325
1,1111,32,8325
1,1112,0,8340
1,1113,32,8340
1,1114,0,8355
1,1115,32,8355
1,1116,0,8370
1,1117,32,8370
1,1118,0,8385
1,1119,32,8385
1,1120,0,8400
1,1121,32,8400
1,1122,0,8415
1,1123,32,8415
1,1124,0,8430
1,1125,32,8430
1,1126,0,8445
1,1127,32,8445
1,1128,0,8460
1,1129,32,8460
1,1130,0,8475
1,1131,32,8475
1,1132,0,8490
1,1133,32,8490
1,1134,0,8505
1,1135,32,8505
1,1136,0,8520
1,1137,32,8520
1,1138,0,8535
1,1139,32,8535
1,1140,0,8550
1,1141,32,8550
1,1142,0,8565
1,1143,32,8565
1,1144,0,8580
1,1145,32,8580
1,1146,0,8595
1,1147,32,8595
1,1148,0,8610
1,1149,32,8610
1,1150,0,8625
1,1151,32,8625
1,1152,0,8640
1,1153,32,8640
1,1154,0,8655
1,1155,32,8655
1,1156,0,8670
1,1157,32,8670
1,1158,0,8685
1,1159,32,8685
1,1160,0,8700
1,1161,32,8700
1,1162,0,8715
1,1163,32,8715
1,1164,0,8730
1,1165,32,8730
1,1166,0,8745
1,1167,32,8745
1,1168,0,8760
1,1169,32,8760
1,1170,0,8775
1,1171,32,8775
1,1172,0,8790
1,1173,32,8790
1,1174,0,8805
1,1175,32,8805
1,1176,0,8820
1,1177,32,8820
1,1178,0,8835
1,1179,32,8835
1,1180,0,8850
1,1181,32,8850
1,1182,0,8865
1,1183,32,8865
1,1184,0,8880
1,1185,32,8880
1,1186,0,8895
1,1187,32,8895
1,1188,0,8910
1,1189,32,8910
1,1190,0,8925
1,1191,32,8925
1,1192,0,8940
1,1193,32,8940
1,1194,0,8955
1,1195,32,8955
1,1196,0,8970
1,1197,32,8970
1,1198,0,8985
1,1199,32,8985
1,1200,0,9000
1,1201,32,9000
1,1202,0,9015
1,1203,32,9015
1,1204,0,9030
1,1205,32,9030
1,1206,0,9045
1,1207,32,9045
1,1208,0,9060
1,1209,32,9060
1,1210,0,9075
1,1211,32,9075
1,1212,0,9090
1,1213,32,9090
1,1214,0,9105
1,1215,32,9105
1,1216,0,9120
1,1217,32,9120
1,1218,0,9135
1,1219,32,9135
1,1220,0,9150
1,1221,32,9150
1,1222,0,9165
1,1223,32,9165
1,1224,0,9180
1,1225,32,9180
1,1226,0,9195
1,1227,32,9195
1,1228,0,9210
1,1229,32,9210
1,1230,0,9225
1,1231,32,9225
1,1232,0,9240
1,1233,32,9240
1,1234,0,9255
1,1235,32,9255
1,1236,0,9270
1,1237,32,9270
1,1238,0,9285
1,1239,32,9285
1,1240,0,9300
1,1241,32,9300
1,1242,0,9315
1,1243,32,9315
1,1244,0,9330
1,1245,32,9330
1,1246,0,9345
1,1247,32,9345
1,1248,0,9360
1,1249,32,9360
1,1250,0,9375
1,1251,32,9375
1,1252,0,9390
1,1253,32,9390
1,1254,0,9405
1,1255,32,9405
1,1256,0,9420
1,1257,32,9420
1,1258,0,9435
1,1259,32,9435
1,1260,0,9450
1,1261,32,9450
1,1262,0,9465
1,1263,32,9465
1,1264,0,9480
1,1265,32,9480
1,1266,0,9495
1,1267,32,9495
1,1268,0,9510
1,1269,32,9510
1,1270,0,9525
1,1271,32,9525
1,1272,0,9540
1,1273,32,9540
1,1274,0,9555
1,1275,32,9555
1,1276,0,9570
1,1277,32,9570
1,1278,0,9585
1,1279,32,9585
2,0,0,0
2,1,32,0
2,2,0,15
2,3,32,15
2,4,0,30
2,5,32,30
2,6,0,45
2,7,32,45
2,8,0,60
2,9,32,60
2,10,0,75
2,11,32,75
2,12,0,90
2,13,32,90
2,14,0,105
2,15,32,105
2,16,0,120
2,17,32,120
2,18,0,135
2,19,32,135
2,20,0,150
2,21,32,150
2,22,0,165
2,23,32,165
2,24,0,180
2,25,32,180
2,26,0,195
2,27,32,195
2,28,0,210
2,29,32,210
2,30,0,225
2,31,32,225
2,32,0,240
2,33,32,240
2,34,0,255
2,35,32,255
2,36,0,270
2,37,32,270
2,38,0,285
2,39,32,285
2,40,0,300
2,41,32,300
2,42,0,315
2,43,32,315
2,44,0,330
2,45,32,330
2,46,0,345
2,47,32,345
2,48,0,360
2,49,32,360
2,50,0,375
2,51,32,375
2,52,0,390
2,53,32,390
2,54,0,405
2,55,32,405
2,56,0,420
2,57,32,420
2,58,0,435
2,59,32,435
2,60,0,450
2,61,32,450
2,62,0,465
2,63,32,465
2,64,0,480
2,65,32,480
2,66,0,495
2,67,32,495
2,68,0,510
2,69,32,510
2,70,0,525
2,71,32,525
2,72,0,540
2,73,32,540
2,74,0,555
2,75,32,555
2,76,0,570
2,77,32,570
2,78,0,585
2,79,32,585
2,80,0,600
2,81,32,600
2,82,0,615
2,83,32,615
2,84,0,630
2,85,32,630
2,86,0,645
2,87,32,645
2,88,0,660
2,89,32,660
2,90,0,675
2,91,32,675
2,92,0,690
2,93,32,690
2,94,0,705
2,95,32,705
2,96,0,720
2,97,32,720
2,98,0,735
2,99,32,735
2,100,0,750
2,101,32,750
2,102,0,765
2,103,32,765
2,104,0,780
2,105,32,780
2,106,0,795
2,107,32,795
2,108,0,810
2,109,32,810
2,110,0,825
2,111,32,825
2,112,0,840
2,113,32,840
2,114,0,855
2,115,32,855
2,116,0,870
2,117,32,870
2,118,0,885
2,119,32,885
2,120,0,900
2,121,32,900
2,122,0,915
2,123,32,915
2,124,0,930
2,125,32,930
2,126,0,945
2,127,32,945
2,128,0,960
2,129,32,960
2,130,0,975
2,131,32,975
2,132,0,990
2,133,32,990
2,134,0,1005
2,135,32,1005
2,136,0,1020
2,137,32,1020
2,138,0,1035
2,139,32,1035
2,140,0,1050
2,141,32,1050
2,142,0,1065
2,143,32,1065
2,144,0,1080
2,145,32,1080
2,146,0,1095
2,147,32,1095
2,148,0,1110
2,149,32,1110
2,150,0,1125
2,151,32,1125
2,152,0,1140
2,153,32,1140
2,154,0,1155
2,155,32,1155
2,156,0,1170
2,157,32,1170
2,158,0,1185
2,159,32,1185
2,160,0,1200
2,161,32,1200
2,162,0,1215
2,163,32,1215
2,164,0,1230
2,165,32,1230
2,166,0,1245
2,167,32,1245
2,168,0,1260
2,169,32,1260
2,170,0,1275
2,171,32,1275
2,172,0,1290
2,173,32,1290
2,174,0,1305
2,175,32,1305
2,176,0,1320
2,177,32,1320
2,178,0,1335
2,179,32,1335
2,180,0,1350
2,181,32,1350
2,182,0,1365
2,183,32,1365
2,184,0,1380
2,185,32,1380
2,186,0,1395
2,187,32,1395
2,188,0,1410
2,189,32,1410
2,190,0,1425
2,191,32,1425
2,192,0,1440
2,193,32,1440
2,194,0,1455
2,195,32,1455
2,196,0,1470
2,197,32,1470
2,198,0,1485
2,199,32,1485
2,200,0,1500
2,201,32,1500
2,202,0,1515
2,203,32,1515
2,204,0,1530
2,205,32,1530
2,206,0,1545
2,207,32,1545
2,208,0,1560
2,209,32,1560
2,210,0,1575
2,211,32,1575
2,212,0,1590
2,213,32,1590
2,214,0,1605
2,215,32,1605
2,216,0,1620
2,217,32,1620
2,218,0,1635
2,219,32,1635
2,220,0,1650
2,221,32,1650
2,222,0,1665
2,223,32,1665
2,224,0,1680
2,225,32,1680
2,226,0,1695
2,227,32,1695
2,228,0,1710
2,229,32,1710
2,230,0,1725
2,231,32,1725
2,232,0,1740
2,233,32,1740
2,234,0,1755
2,235,32,1755
2,236,0,1770
2,237,32,1770
2,238,0,1785
2,239,32,1785
2,240,0,1800
2,241,32,1800
2,242,0,1815
2,243,32,1815
2,244,0,1830
2,245,32,1830
2,246,0,1845
2,247,32,1845
2,248,0,1860
2,249,32,1860
2,250,0,1875
2,251,32,1875
2,252,0,1890
2,253,32,1890
2,254,0,1905
2,255,32,1905
2,256,0,1920
2,257,32,1920
2,258,0,1935
2,259,32,1935
2,260,0,1950
2,261,32,1950
2,262,0,1965
2,263,32,1965
2,264,0,1980
2,265,32,1980
2,266,0,1995
2,267,32,1995
2,268,0,2010
2,269,32,2010
2,270,0,2025
2,271,32,2025
2,272,0,2040
2,273,32,2040
2,274,0,2055
2,275,32,2055
2,276,0,2070
2,277,32,2070
2,278,0,2085
2,279,32,2085
2,280,0,2100
2,281,32,2100
2,282,0,2115
2,283,32,2115
2,284,0,2130
2,285,32,2130
2,286,0,2145
2,287,32,2145
2,288,0,2160
2,289,32,2160
2,290,0,2175
2,291,32,2175
2,292,0,2190
2,293,32,2190
2,294,0,2205
2,295,32,2205
2,296,0,2220
2,297,32,2220
2,298,0,2235
2,299,32,2235
2,300,0,2250
2,301,32,2250
2,302,0,2265
2,303,32,2265
2,304,0,2280
2,305,32,2280
2,306,0,2295
2,307,32,2295
2,308,0,2310
2,309,32,2310
2,310,0,2325
2,311,32,2325
2,312,0,2340
2,313,32,2340
2,314,0,2355
2,315,32,2355
2,316,0,2370
2,317,32,2370
2,318,0,2385
2,319,32,2385
2,320,0,2400
2,321,32,2400
2,322,0,2415
2,323,32,2415
2,324,0,2430
2,325,32,2430
2,326,0,2445
2,327,32,2445
2,328,0,2460
2,329,32,2460
2,330,0,2475
2,331,32,2475
2,332,0,2490
2,333,32,2490
2,334,0,2505
2,335,32,2505
2,336,0,2520
2,337,32,2520
2,338,0,2535
2,339,32,2535
2,340,0,2550
2,341,32,2550
2,342,0,2565
2,343,32,2565
2,344,0,2580
2,345,32,2580
2,346,0,2595
2,347,32,2595
2,348,0,2610
2,349,32,2610
2,350,0,2625
2,351,32,2625
2,352,0,2640
2,353,32,2640
2,354,0,2655
2,355,32,2655
2,356,0,2670
2,357,32,2670
2,358,0,2685
2,359,32,2685
2,360,0,2700
2,361,32,2700
2,362,0,2715
2,363,32,2715
2,364,0,2730
2,365,32,2730
2,366,0,2745
2,367,32,2745
2,368,0,2760
2,369,32,2760
2,370,0,2775
2,371,32,2775
2,372,0,2790
2,373,32,2790
2,374,0,2805
2,375,32,2805
2,376,0,2820
2,377,32,2820
2,378,0,2835
2,379,32,2835
2,380,0,2850
2,381,32,2850
2,382,0,2865
2,383,32,2865
2,384,0,2880
2,385,32,2880
2,386,0,2895
2,387,32,2895
2,388,0,2910
2,389,32,2910
2,390,0,2925
2,391,32,2925
2,392,0,2940
2,393,32,2940
2,394,0,2955
2,395,32,2955
2,396,0,2970
2,397,32,2970
2,398,0,2985
2,399,32,2985
2,400,0,3000
2,401,32,3000
2,402,0,3015
2,403,32,3015
2,404,0,3030
2,405,32,3030
2,406,0,3045
2,407,32,3045
2,408,0,3060
2,409,32,3060
2,410,0,3075
2,411,32,3075
2,412,0,3090
2,413,32,3090
2,414,0,3105
2,415,32,3105
2,416,0,3120
2,417,32,3120
2,418,0,3135
2,419,32,3135
2,420,0,3150
2,421,32,3150
2,422,0,3165
2,423,32,3165
2,424,0,3180
2,425,32,3180
2,426,0,3195
2,427,32,3195
2,428,0,3210
2,429,32,3210
2,430,0,3225
2,431,32,3225
2,432,0,3240
2,433,32,3240
2,434,0,3255
2,435,32,3255
2,436,0,3270
2,437,32,3270
2,438,0,3285
2,439,32,3285
2,440,0,3300
2,441,32,3300
2,442,0,3315
2,443,32,3315
2,444,0,3330
2,445,32,3330
2,446,0,3345
2,447,32,3345
2,448,0,3360
2,449,32,3360
2,450,0,3375
2,451,32,3375
2,452,0,3390
2,453,32,3390
2,454,0,3405
2,455,32,3405
2,456,0,3420
2,457,32,3420
2,458,0,3435
2,459,32,3435
2,460,0,3450
2,461,32,3450
2,462,0,3465
2,463,32,3465
2,464,0,3480
2,465,32,3480
2,466,0,3495
2,467,32,3495
2,468,0,3510
2,469,32,3510
2,470,0,3525
2,471,32,3525
2,472,0,3540
2,473,32,3540
2,474,0,3555
2,475,32,3555
2,476,0,3570
2,477,32,3570
2,478,0,3585
2,479,32,3585
2,480,0,3600
2,481,32,3600
2,482,0,3615
2,483,32,3615
2,484,0,3630
2,485,32,3630
2,486,0,3645
2,487,32,3645
2,488,0,3660
2,489,32,3660
2,490,0,3675
2,491,32,3675
2,492,0,3690
2,493,32,3690
2,494,0,3705
2,495,32,3705
2,496,0,3720
2,497,32,3720
2,498,0,3735
2,499,32,3735
2,500,0,3750
2,501,32,3750
2,502,0,3765
2,503,32,3765
2,504,0,3780
2,505,32,3780
2,506,0,3795
2,507,32,3795
2,508,0,3810
2,509,32,3810
2,510,0,3825
2,511,32,3825
2,512,0,3840
2,513,32,3840
2,514,0,3855
2,515,32,3855
2,516,0,3870
2,517,32,3870
2,518,0,3885
2,519,32,3885
2,520,0,3900
2,521,32,3900
2,522,0,3915
2,523,32,3915
2,524,0,3930
2,525,32,3930
2,526,0,3945
2,527,32,3945
2,528,0,3960
2,529,32,3960
2,530,0,3975
2,531,32,3975
2,532,0,3990
2,533,32,3990
2,534,0,4005
2,535,32,4005
2,536,0,4020
2,537,32,4020
2,538,0,4035
2,539,32,4035
2,540,0,4050
2,541,32,4050
2,542,0,4065
2,543,32,4065
2,544,0,4080
2,545,32,4080
2,546,0,4095
2,547,32,4095
2,548,0,4110
2,549,32,4110
2,550,0,4125
2,551,32,4125
2,552,0,4140
2,553,32,4140
2,554,0,4155
2,555,32,4155
2,556,0,4170
2,557,32,4170
2,558,0,4185
2,559,32,4185
2,560,0,4200
2,561,32,4200
2,562,0,4215
2,563,32,4215
2,564,0,4230
2,565,32,4230
2,566,0,4245
2,567,32,4245
2,568,0,4260
2,569,32,4260
2,570,0,4275
2,571,32,4275
2,572,0,4290
2,573,32,4290
2,574,0,4305
2,575,32,4305
2,576,0,4320
2,577,32,4320
2,578,0,4335
2,579,32,4335
2,580,0,4350
2,581,32,4350
2,582,0,4365
2,583,32,4365
2,584,0,4380
2,585,32,4380
2,586,0,4395
2,587,32,4395
2,588,0,4410
2,589,32,4410
2,590,0,4425
2,591,32,4425
2,592,0,4440
2,593,32,4440
2,594,0,4455
2,595,32,4455
2,596,0,4470
2,597,32,4470
2,598,0,4485
2,599,32,4485
2,600,0,4500
2,601,32,4500
2,602,0,4515
2,603,32,4515
2,604,0,4530
2,605,32,4530
2,606,0,4545
2,607,32,4545
2,608,0,4560
2,609,32,4560
2,610,0,4575
2,611,32,4575
2,612,0,4590
2,613,32,4590
2,614,0,4605
2,615,32,4605
2,616,0,4620
2,617,32,4620
2,618,0,4635
2,619,32,4635
2,620,0,4650
2,621,32,4650
2,622,0,4665
2,623,32,4665
2,624,0,4680
2,625,32,4680
2,626,0,4695
2,627,32,4695
2,628,0,4710
2,629,32,4710
2,630,0,4725
2,631,32,4725
2,632,0,4740
2,633,32,4740
2,634,0,4755
2,635,32,4755
2,636,0,4770
2,637,32,4770
2,638,0,4785
2,639,32,4785
2,640,0,4800
2,641,32,4800
2,642,0,4815
2,643,32,4815
2,644,0,4830
2,645,32,4830
2,646,0,4845
2,647,32,4845
2,648,0,4860
2,649,32,4860
2,650,0,4875
2,651,32,4875
2,652,0,4890
2,653,32,4890
2,654,0,4905
2,655,32,4905
2,656,0,4920
2,657,32,4920
2,658,0,4935
2,659,32,4935
2,660,0,4950
2,661,32,4950
2,662,0,4965
2,663,32,4965
2,664,0,4980
2,665,32,4980
2,666,0,4995
2,667,32,4995
2,668,0,5010
2,669,32,5010
2,670,0,5025
2,671,32,5025
2,672,0,5040
2,673,32,5040
2,674,0,5055
2,675,32,5055
2,676,0,5070
2,677,32,5070
2,678,0,5085
2,679,32,5085
2,680,0,5100
2,681,32,5100
2,682,0,5115
2,683,32,5115
2,684,0,5130
2,685,32,5130
2,686,0,5145
2,687,32,5145
2,688,0,5160
2,689,32,5160
2,690,0,5175
2,691,32,5175
2,692,0,5190
2,693,32,5190
2,694,0,5205
2,695,32,5205
2,696,0,5220
2,697,32,5220
2,698,0,5235
2,699,32,5235
2,700,0,5250
2,701,32,5250
2,702,0,5265
2,703,32,5265
2,704,0,5280
2,705,32,5280
2,706,0,5295
2,707,32,5295
2,708,0,5310
2,709,32,5310
2,710,0,5325
2,711,32,5325
2,712,0,5340
2,713,32,5340
2,714,0,5355
2,715,32,5355
2,716,0,5370
2,717,32,5370
2,718,0,5385
2,719,32,5385
2,720,0,5400
2,721,32,5400
2,722,0,5415
2,723,32,5415
2,724,0,5430
2,725,32,5430
2,726,0,5445
2,727,32,5445
2,728,0,5460
2,729,32,5460
2,730,0,5475
2,731,32,5475
2,732,0,5490
2,733,32,5490
2,734,0,5505
2,735,32,5505
2,736,0,5520
2,737,32,5520
2,738,0,5535
2,739,32,5535
2,740,0,5550
2,741,32,5550
2,742,0,5565
2,743,32,5565
2,744,0,5580
2,745,32,5580
2,746,0,5595
2,747,32,5595
2,748,0,5610
2,749,32,5610
2,750,0,5625
2,751,32,5625
2,752,0,5640
2,753,32,5640
2,754,0,5655
2,755,32,5655
2,756,0,5670
2,757,32,5670
2,758,0,5685
2,759,32,5685
2,760,0,5700
2,761,32,5700
2,762,0,5715
2,763,32,5715
2,764,0,5730
2,765,32,5730
2,766,0,5745
2,767,32,5745
2,768,0,5760
2,769,32,5760
2,770,0,5775
2,771,32,5775
2,772,0,5790
2,773,32,5790
2,774,0,5805
2,775,32,5805
2,776,0,5820
2,777,32,5820
2,778,0,5835
2,779,32,5835
2,780,0,5850
2,781,32,5850
2,782,0,5865
2,783,32,5865
2,784,0,5880
2,785,32,5880
2,786,0,5895
2,787,32,5895
2,788,0,5910
2,789,32,5910
2,790,0,5925
2,791,32,5925
2,792,0,5940
2,793,32,5940
2,794,0,5955
2,795,32,5955
2,796,0,5970
2,797,32,5970
2,798,0,5985
2,799,32,5985
2,800,0,6000
2,801,32,6000
2,802,0,6015
2,803,32,6015
2,804,0,6030
2,805,32,6030
2,806,0,6045
2,807,32,6045
2,808,0,6060
2,809,32,6060
2,810,0,6075
2,811,32,6075
2,812,0,6090
2,813,32,6090
2,814,0,6105
2,815,32,6105
2,816,0,6120
2,817,32,6120
2,818,0,6135
2,819,32,6135
2,820,0,6150
2,821,32,6150
2,822,0,6165
2,823,32,6165
2,824,0,6180
2,825,32,6180
2,826,0,6195
2,827,32,6195
2,828,0,6210
2,829,32,6210
2,830,0,6225
2,831,32,6225
2,832,0,6240
2,833,32,6240
2,834,0,6255
2,835,32,6255
2,836,0,6270
2,837,32,6270
2,838,0,6285
2,839,32,6285
2,840,0,6300
2,841,32,6300
2,842,0,6315
2,843,32,6315
2,844,0,6330
2,845,32,6330
2,846,0,6345
2,847,32,6345
2,848,0,6360
2,849,32,6360
2,850,0,6375
2,851,32,6375
2,852,0,6390
2,853,32,6390
2,854,0,6405
2,855,32,6405
2,856,0,6420
2,857,32,6420
2,858,0,6435
2,859,32,6435
2,860,0,6450
2,861,32,6450
2,862,0,6465
2,863,32,6465
2,864,0,6480
2,865,32,6480
2,866,0,6495
2,867,32,6495
2,868,0,6510
2,869,32,6510
2,870,0,6525
2,871,32,6525
2,872,0,6540
2,873,32,6540
2,874,0,6555
2,875,32,6555
2,876,0,6570
2,877,32,6570
2,878,0,6585
2,879,32,6585
2,880,0,6600
2,881,32,6600
2,882,0,6615
2,883,32,6615
2,884,0,6630
2,885,32,6630
2,886,0,6645
2,887,32,6645
2,888,0,6660
2,889,32,6660
2,890,0,6675
2,891,32,6675
2,892,0,6690
2,893,32,6690
2,894,0,6705
2,895,32,6705
2,896,0,6720
2,897,32,6720
2,898,0,6735
2,899,32,6735
2,900,0,6750
2,901,32,6750
2,902,0,6765
2,903,32,6765
2,904,0,6780
2,905,32,6780
2,906,0,6795
2,907,32,6795
2,908,0,6810
2,909,32,6810
2,910,0,6825
2,911,32,6825
2,912,0,6840
2,913,32,6840
2,914,0,6855
2,915,32,6855
2,916,0,6870
2,917,32,6870
2,918,0,6885
2,919,32,6885
2,920,0,6900
2,921,32,6900
2,922,0,6915
2,923,32,6915
2,924,0,6930
2,925,32,6930
2,926,0,6945
2,927,32,6945
2,928,0,6960
2,929,32,6960
2,930,0,6975
2,931,32,6975
2,932,0,6990
2,933,32,6990
2,934,0,7005
2,935,32,7005
2,936,0,7020
2,937,32,7020
2,938,0,7035
2,939,32,7035
2,940,0,7050
2,941,32,7050
2,942,0,7065
2,943,32,7065
2,944,0,7080
2,945,32,7080
2,946,0,7095
2,947,32,7095
2,948,0,7110
2,949,32,7110
2,950,0,7125
2,951,32,7125
2,952,0,7140
2,953,32,7140
2,954,0,7155
2,955,32,7155
2,956,0,7170
2,957,32,7170
2,958,0,7185
2,959,32,7185
2,960,0,7200
2,961,32,7200
2,962,0,7215
2,963,32,7215
2,964,0,7230
2,965,32,7230
2,966,0,7245
2,967,32,7245
2,968,0,7260
2,969,32,7260
2,970,0,7275
2,971,32,7275
2,972,0,7290
2,973,32,7290
2,974,0,7305
2,975,32,7305
2,976,0,7320
2,977,32,7320
2,978,0,7335
2,979,32,7335
2,980,0,7350
2,981,32,7350
2,982,0,7365
2,983,32,7365
2,984,0,7380
2,985,32,7380
2,986,0,7395
2,987,32,7395
2,988,0,7410
2,989,32,7410
2,990,0,7425
2,991,32,7425
2,992,0,7440
2,993,32,7440
2,994,0,7455
2,995,32,7455
2,996,0,7470
2,997,32,7470
2,998,0,7485
2,999,32,7485
2,1000,0,7500
2,1001,32,7500
2,1002,0,7515
2,1003,32,7515
2,1004,0,7530
2,1005,32,7530
2,1006,0,7545
2,1007,32,7545
2,1008,0,7560
2,1009,32,7560
2,1010,0,7575
2,1011,32,7575
2,1012,0,7590
2,1013,32,7590
2,1014,0,7605
2,1015,32,7605
2,1016,0,7620
2,1017,32,7620
2,1018,0,7635
2,1019,32,7635
2,1020,0,7650
2,1021,32,7650
2,1022,0,7665
2,1023,32,7665
2,1024,0,7680
2,1025,32,7680
2,1026,0,7695
2,1027,32,7695
2,1028,0,7710
2,1029,32,7710
2,1030,0,7725
2,1031,32,7725
2,1032,0,7740
2,1033,32,7740
2,1034,0,7755
2,1035,32,7755
2,1036,0,7770
2,1037,32,7770
2,1038,0,7785
2,1039,32,7785
2,1040,0,7800
2,1041,32,7800
2,1042,0,7815
2,1043,32,7815
2,1044,0,7830
2,1045,32,7830
2,1046,0,7845
2,1047,32,7845
2,1048,0,7860
2,1049,32,7860
2,1050,0,7875
2,1051,32,7875
2,1052,0,7890
2,1053,32,7890
2,1054,0,7905
2,1055,32,7905
2,1056,0,7920
2,1057,32,7920
2,1058,0,7935
2,1059,32,7935
2,1060,0,7950
2,1061,32,7950
2,1062,0,7965
2,1063,32,7965
2,1064,0,7980
2,1065,32,7980
2,1066,0,7995
2,1067,32,7995
2,1068,0,8010
2,1069,32,8010
2,1070,0,8025
2,1071,32,8025
2,1072,0,8040
2,1073,32,8040
2,1074,0,8055
2,1075,32,8055
2,1076,0,8070
2,1077,32,8070
2,1078,0,8085
2,1079,32,8085
2,1080,0,8100
2,1081,32,8100
2,1082,0,8115
2,1083,32,8115
2,1084,0,8130
2,1085,32,8130
2,1086,0,8145
2,1087,32,8145
2,1088,0,8160
2,1089,32,8160
2,1090,0,8175
2,1091,32,8175
2,1092,0,8190
2,1093,32,8190
2,1094,0,8205
2,1095,32,8205
2,1096,0,8220
2,1097,32,8220
2,1098,0,8235
2,1099,32,8235
2,1100,0,8250
2,1101,32,8250
2,1102,0,8265
2,1103,32,8265
2,1104,0,8280
2,1105,32,8280
2,1106,0,8295
2,1107,32,8295
2,1108,0,8310
2,1109,32,8310
2,1110,0,8325
2,1111,32,8325
2,1112,0,8340
2,1113,32,8340
2,1114,0,8355
2,1115,32,8355
2,1116,0,8370
2,1117,32,8370
2,1118,0,8385
2,1119,32,8385
2,1120,0,8400
2,1121,32,8400
2,1122,0,8415
2,1123,32,8415
2,1124,0,8430
2,1125,32,8430
2,1126,0,8445
2,1127,32,8445
2,1128,0,8460
2,1129,32,8460
2,1130,0,8475
2,1131,32,8475
2,1132,0,8490
2,1133,32,8490
2,1134,0,8505
2,1135,32,8505
2,1136,0,8520
2,1137,32,8520
2,1138,0,8535
2,1139,32,8535
2,1140,0,8550
2,1141,32,8550
2,1142,0,8565
2,1143,32,8565
2,1144,0,8580
2,1145,32,8580
2,1146,0,8595
2,1147,32,8595
2,1148,0,8610
2,1149,32,8610
2,1150,0,8625
2,1151,32,8625
2,1152,0,8640
2,1153,32,8640
2,1154,0,8655
2,1155,32,8655
2,1156,0,8670
2,1157,32,8670
2,1158,0,8685
2,1159,32,8685
2,1160,0,8700
2,1161,32,8700
2,1162,0,8715
2,1163,32,8715
2,1164,0,8730
2,1165,32,8730
2,1166,0,8745
2,1167,32,8745
2,1168,0,8760
2,1169,32,8760
2,1170,0,8775
2,1171,32,8775
2,1172,0,8790
2,1173,32,8790
2,1174,0,8805
2,1175,32,8805
2,1176,0,8820
2,1177,32,8820
2,1178,0,8835
2,1179,32,8835
2,1180,0,8850
2,1181,32,8850
2,1182,0,8865
2,1183,32,8865
2,1184,0,8880
2,1185,32,8880
2,1186,0,8895
2,1187,32,8895
2,1188,0,8910
2,1189,32,8910
2,1190,0,8925
2,1191,32,8925
2,1192,0,8940
2,1193,32,8940
2,1194,0,8955
2,1195,32,8955
2,1196,0,8970
2,1197,32,8970
2,1198,0,8985
2,1199,32,8985
2,1200,0,9000
2,1201,32,9000
2,1202,0,9015
2,1203,32,9015
2,1204,0,9030
2,1205,32,9030
2,1206,0,9045
2,1207,32,9045
2,1208,0,9060
2,1209,32,9060
2,1210,0,9075
2,1211,32,9075
2,1212,0,9090
2,1213,32,9090
2,1214,0,9105
2,1215,32,9105
2,1216,0,9120
2,1217,32,9120
2,1218,0,9135
2,1219,32,9135
2,1220,0,9150
2,1221,32,9150
2,1222,0,9165
2,1223,32,9165
2,1224,0,9180
2,1225,32,9180
2,1226,0,9195
2,1227,32,9195
2,1228,0,9210
2,1229,32,9210
2,1230,0,9225
2,1231,32,9225
2,1232,0,9240
2,1233,32,9240
2,1234,0,9255
2,1235,32,9255
2,1236,0,9270
2,1237,32,9270
2,1238,0,9285
2,1239,32,9285
2,1240,0,9300
2,1241,32,9300
2,1242,0,9315
2,1243,32,9315
2,1244,0,9330
2,1245,32,9330
2,1246,0,9345
2,1247,32,9345
2,1248,0,9360
2,1249,32,9360
2,1250,0,9375
2,1251,32,9375
2,1252,0,9390
2,1253,32,9390
2,1254,0,9405
2,1255,32,9405
2,1256,0,9420
2,1257,32,9420
2,1258,0,9435
2,1259,32,9435
2,1260,0,9450
2,1261,32,9450
2,1262,0,9465
2,1263,32,9465
2,1264,0,9480
2,1265,32,9480
2,1266,0,9495
2,1267,32,9495
2,1268,0,9510
2,1269,32,9510
2,1270,0,9525
2,1271,32,9525
2,1272,0,9540
2,1273,32,9540
2,1274,0,9555
2,1275,32,9555
2,1276,0,9570
2,1277,32,9570
2,1278,0,9585
2,1279,32,9585
3,0,0,0
3,1,32,0
3,2,0,15
3,3,32,15
3,4,0,30
3,5,32,30
3,6,0,45
3,7,32,45
3,8,0,60
3,9,32,60
3,10,0,75
3,11,32,75
3,12,0,90
3,13,32,90
3,14,0,105
3,15,32,105
3,16,0,120
3,17,32,120
3,18,0,135
3,19,32,135
3,20,0,150
3,21,32,150
3,22,0,165
3,23,32,165
3,24,0,180
3,25,32,180
3,26,0,195
3,27,32,195
3,28,0,210
3,29,32,210
3,30,0,225
3,31,32,225
3,32,0,240
3,33,32,240
3,34,0,255
3,35,32,255
3,36,0,270
3,37,32,270
3,38,0,285
3,39,32,285
3,40,0,300
3,41,32,300
3,42,0,315
3,43,32,315
3,44,0,330
3,45,32,330
3,46,0,345
3,47,32,345
3,48,0,360
3,49,32,360
3,50,0,375
3,51,32,375
3,52,0,390
3,53,32,390
3,54,0,405
3,55,32,405
3,56,0,420
3,57,32,420
3,58,0,435
3,59,32,435
3,60,0,450
3,61,32,450
3,62,0,465
3,63,32,465
3,64,0,480
3,65,32,480
3,66,0,495
3,67,32,495
3,68,0,510
3,69,32,510
3,70,0,525
3,71,32,525
3,72,0,540
3,73,32,540
3,74,0,555
3,75,32,555
3,76,0,570
3,77,32,570
3,78,0,585
3,79,32,585
3,80,0,600
3,81,32,600
3,82,0,615
3,83,32,615
3,84,0,630
3,85,32,630
3,86,0,645
3,87,32,645
3,88,0,660
3,89,32,660
3,90,0,675
3,91,32,675
3,92,0,690
3,93,32,690
3,94,0,705
3,95,32,705
3,96,0,720
3,97,32,720
3,98,0,735
3,99,32,735
3,100,0,750
3,101,32,750
3,102,0,765
3,103,32,765
3,104,0,780
3,105,32,780
3,106,0,795
3,107,32,795
3,108,0,810
3,109,32,810
3,110,0,825
3,111,32,825
3,112,0,840
3,113,32,840
3,114,0,855
3,115,32,855
3,116,0,870
3,117,32,870
3,118,0,885
3,119,32,885
3,120,0,900
3,121,32,900
3,122,0,915
3,123,32,915
3,124,0,930
3,125,32,930
3,126,0,945
3,127,32,945
3,128,0,960
3,129,32,960
3,130,0,975
3,131,32,975
3,132,0,990
3,133,32,990
3,134,0,1005
3,135,32,1005
3,136,0,1020
3,137,32,1020
3,138,0,1035
3,139,32,1035
3,140,0,1050
3,141,32,1050
3,142,0,1065
3,143,32,1065
3,144,0,1080
3,145,32,1080
3,146,0,1095
3,147,32,1095
3,148,0,1110
3,149,32,1110
3,150,0,1125
3,151,32,1125
3,152,0,1140
3,153,32,1140
3,154,0,1155
3,155,32,1155
3,156,0,1170
3,157,32,1170
3,158,0,1185
3,159,32,1185
3,160,0,1200
3,161,32,1200
3,162,0,1215
3,163,32,1215
3,164,0,1230
3,165,32,1230
3,166,0,1245
3,167,32,1245
3,168,0,1260
3,169,32,1260
3,170,0,1275
3,171,32,1275
3,172,0,1290
3,173,32,1290
3,174,0,1305
3,175,32,1305
3,176,0,1320
3,177,32,1320
3,178,0,1335
3,179,32,1335
3,180,0,1350
3,181,32,1350
3,182,0,1365
3,183,32,1365
3,184,0,1380
3,185,32,1380
3,186,0,1395
3,187,32,1395
3,188,0,1410
3,189,32,1410
3,190,0,1425
3,191,32,1425
3,192,0,1440
3,193,32,1440
3,194,0,1455
3,195,32,1455
3,196,0,1470
3,197,32,1470
3,198,0,1485
3,199,32,1485
3,200,0,1500
3,201,32,1500
3,202,0,1515
3,203,32,1515
3,204,0,1530
3,205,32,1530
3,206,0,1545
3,207,32,1545
3,208,0,1560
3,209,32,1560
3,210,0,1575
3,211,32,1575
3,212,0,1590
3,213,32,1590
3,214,0,1605
3,215,32,1605
3,216,0,1620
3,217,32,1620
3,218,0,1635
3,219,32,1635
3,220,0,1650
3,221,32,1650
3,222,0,1665
3,223,32,1665
3,224,0,1680
3,225,32,1680
3,226,0,1695
3,227,32,1695
3,228,0,1710
3,229,32,1710
3,230,0,1725
3,231,32,1725
3,232,0,1740
3,233,32,1740
3,234,0,1755
3,235,32,1755
3,236,0,1770
3,237,32,1770
3,238,0,1785
3,239,32,1785
3,240,0,1800
3,241,32,1800
3,242,0,1815
3,243,32,1815
3,244,0,1830
3,245,32,1830
3,246,0,1845
3,247,32,1845
3,248,0,1860
3,249,32,1860
3,250,0,1875
3,251,32,1875
3,252,0,1890
3,253,32,1890
3,254,0,1905
3,255,32,1905
3,256,0,1920
3,257,32,1920
3,258,0,1935
3,259,32,1935
3,260,0,1950
3,261,32,1950
3,262,0,1965
3,263,32,1965
3,264,0,1980
3,265,32,1980
3,266,0,1995
3,267,32,1995
3,268,0,2010
3,269,32,2010
3,270,0,2025
3,271,32,2025
3,272,0,2040
3,273,32,2040
3,274,0,2055
3,275,32,2055
3,276,0,2070
3,277,32,2070
3,278,0,2085
3,279,32,2085
3,280,0,2100
3,281,32,2100
3,282,0,2115
3,283,32,2115
3,284,0,2130
3,285,32,2130
3,286,0,2145
3,287,32,2145
3,288,0,2160
3,289,32,2160
3,290,0,2175
3,291,32,2175
3,292,0,2190
3,293,32,2190
3,294,0,2205
3,295,32,2205
3,296,0,2220
3,297,32,2220
3,298,0,2235
3,299,32,2235
3,300,0,2250
3,301,32,2250
3,302,0,2265
3,303,32,2265
3,304,0,2280
3,305,32,2280
3,306,0,2295
3,307,32,2295
3,308,0,2310
3,309,32,2310
3,310,0,2325
3,311,32,2325
3,312,0,2340
3,313,32,2340
3,314,0,2355
3,315,32,2355
3,316,0,2370
3,317,32,2370
3,318,0,2385
3,319,32,2385
3,320,0,2400
3,321,32,2400
3,322,0,2415
3,323,32,2415
3,324,0,2430
3,325,32,2430
3,326,0,2445
3,327,32,2445
3,328,0,2460
3,329,32,2460
3,330,0,2475
3,331,32,2475
3,332,0,2490
3,333,32,2490
3,334,0,2505
3,335,32,2505
3,336,0,2520
3,337,32,2520
3,338,0,2535
3,339,32,2535
3,340,0,2550
3,341,32,2550
3,342,0,2565
3,343,32,2565
3,344,0,2580
3,345,32,2580
3,346,0,2595
3,347,32,2595
3,348,0,2610
3,349,32,2610
3,350,0,2625
3,351,32,2625
3,352,0,2640
3,353,32,2640
3,354,0,2655
3,355,32,2655
3,356,0,2670
3,357,32,2670
3,358,0,2685
3,359,32,2685
3,360,0,2700
3,361,32,2700
3,362,0,2715
3,363,32,2715
3,364,0,2730
3,365,32,2730
3,366,0,2745
3,367,32,2745
3,368,0,2760
3,369,32,2760
3,370,0,2775
3,371,32,2775
3,372,0,2790
3,373,32,2790
3,374,0,2805
3,375,32,2805
3,376,0,2820
3,377,32,2820
3,378,0,2835
3,379,32,2835
3,380,0,2850
3,381,32,2850
3,382,0,2865
3,383,32,2865
3,384,0,2880
3,385,32,2880
3,386,0,2895
3,387,32,2895
3,388,0,2910
3,389,32,2910
3,390,0,2925
3,391,32,2925
3,392,0,2940
3,393,32,2940
3,394,0,2955
3,395,32,2955
3,396,0,2970
3,397,32,2970
3,398,0,2985
3,399,32,2985
3,400,0,3000
3,401,32,3000
3,402,0,3015
3,403,32,3015
3,404,0,3030
3,405,32,3030
3,406,0,3045
3,407,32,3045
3,408,0,3060
3,409,32,3060
3,410,0,3075
3,411,32,3075
3,412,0,3090
3,413,32,3090
3,414,0,3105
3,415,32,3105
3,416,0,3120
3,417,32,3120
3,418,0,3135
3,419,32,3135
3,420,0,3150
3,421,32,3150
3,422,0,3165
3,423,32,3165
3,424,0,3180
3,425,32,3180
3,426,0,3195
3,427,32,3195
3,428,0,3210
3,429,32,3210
3,430,0,3225
3,431,32,3225
3,432,0,3240
3,433,32,3240
3,434,0,3255
3,435,32,3255
3,436,0,3270
3,437,32,3270
3,438,0,3285
3,439,32,3285
3,440,0,3300
3,441,32,3300
3,442,0,3315
3,443,32,3315
3,444,0,3330
3,445,32,3330
3,446,0,3345
3,447,32,3345
3,448,0,3360
3,449,32,3360
3,450,0,3375
3,451,32,3375
3,452,0,3390
3,453,32,3390
3,454,0,3405
3,455,32,3405
3,456,0,3420
3,457,32,3420
3,458,0,3435
3,459,32,3435
3,460,0,3450
3,461,32,3450
3,462,0,3465
3,463,32,3465
3,464,0,3480
3,465,32,3480
3,466,0,3495
3,467,32,3495
3,468,0,3510
3,469,32,3510
3,470,0,3525
3,471,32,3525
3,472,0,3540
3,473,32,3540
3,474,0,3555
3,475,32,3555
3,476,0,3570
3,477,32,3570
3,478,0,3585
3,479,32,3585
3,480,0,3600
3,481,32,3600
3,482,0,3615
3,483,32,3615
3,484,0,3630
3,485,32,3630
3,486,0,3645
3,487,32,3645
3,488,0,3660
3,489,32,3660
3,490,0,3675
3,491,32,3675
3,492,0,3690
3,493,32,3690
3,494,0,3705
3,495,32,3705
3,496,0,3720
3,497,32,3720
3,498,0,3735
3,499,32,3735
3,500,0,3750
3,501,32,3750
3,502,0,3765
3,503,32,3765
3,504,0,3780
3,505,32,3780
3,506,0,3795
3,507,32,3795
3,508,0,3810
3,509,32,3810
3,510,0,3825
3,511,32,3825
3,512,0,3840
3,513,32,3840
3,514,0,3855
3,515,32,3855
3,516,0,3870
3,517,32,3870
3,518,0,3885
3,519,32,3885
3,520,0,3900
3,521,32,3900
3,522,0,3915
3,523,32,3915
3,524,0,3930
3,525,32,3930
3,526,0,3945
3,527,32,3945
3,528,0,3960
3,529,32,3960
3,530,0,3975
3,531,32,3975
3,532,0,3990
3,533,32,3990
3,534,0,4005
3,535,32,4005
3,536,0,4020
3,537,32,4020
3,538,0,4035
3,539,32,4035
3,540,0,4050
3,541,32,4050
3,542,0,4065
3,543,32,4065
3,544,0,4080
3,545,32,4080
3,546,0,4095
3,547,32,4095
3,548,0,4110
3,549,32,4110
3,550,0,4125
3,551,32,4125
3,552,0,4140
3,553,32,4140
3,554,0,4155
3,555,32,4155
3,556,0,4170
3,557,32,4170
3,558,0,4185
3,559,32,4185
3,560,0,4200
3,561,32,4200
3,562,0,4215
3,563,32,4215
3,564,0,4230
3,565,32,4230
3,566,0,4245
3,567,32,4245
3,568,0,4260
3,569,32,4260
3,570,0,4275
3,571,32,4275
3,572,0,4290
3,573,32,4290
3,574,0,4305
3,575,32,4305
3,576,0,4320
3,577,32,4320
3,578,0,4335
3,579,32,4335
3,580,0,4350
3,581,32,4350
3,582,0,4365
3,583,32,4365
3,584,0,4380
3,585,32,4380
3,586,0,4395
3,587,32,4395
3,588,0,4410
3,589,32,4410
3,590,0,4425
3,591,32,4425
3,592,0,4440
3,593,32,4440
3,594,0,4455
3,595,32,4455
3,596,0,4470
3,597,32,4470
3,598,0,4485
3,599,32,4485
3,600,0,4500
3,601,32,4500
3,602,0,4515
3,603,32,4515
3,604,0,4530
3,605,32,4530
3,606,0,4545
3,607,32,4545
3,608,0,4560
3,609,32,4560
3,610,0,4575
3,611,32,4575
3,612,0,4590
3,613,32,4590
3,614,0,4605
3,615,32,4605
3,616,0,4620
3,617,32,4620
3,618,0,4635
3,619,32,4635
3,620,0,4650
3,621,32,4650
3,622,0,4665
3,623,32,4665
3,624,0,4680
3,625,32,4680
3,626,0,4695
3,627,32,4695
3,628,0,4710
3,629,32,4710
3,630,0,4725
3,631,32,4725
3,632,0,4740
3,633,32,4740
3,634,0,4755
3,635,32,4755
3,636,0,4770
3,637,32,4770
3,638,0,4785
3,639,32,4785
3,640,0,4800
3,641,32,4800
3,642,0,4815
3,643,32,4815
3,644,0,4830
3,645,32,4830
3,646,0,4845
3,647,32,4845
3,648,0,4860
3,649,32,4860
3,650,0,4875
3,651,32,4875
3,652,0,4890
3,653,32,4890
3,654,0,4905
3,655,32,4905
3,656,0,4920
3,657,32,4920
3,658,0,4935
3,659,32,4935
3,660,0,4950
3,661,32,4950
3,662,0,4965
3,663,32,4965
3,664,0,4980
3,665,32,4980
3,666,0,4995
3,667,32,4995
3,668,0,5010
3,669,32,5010
3,670,0,5025
3,671,32,5025
3,672,0,5040
3,673,32,5040
3,674,0,5055
3,675,32,5055
3,676,0,5070
3,677,32,5070
3,678,0,5085
3,679,32,5085
3,680,0,5100
3,681,32,5100
3,682,0,5115
3,683,32,5115
3,684,0,5130
3,685,32,5130
3,686,0,5145
3,687,32,5145
3,688,0,5160
3,689,32,5160
3,690,0,5175
3,691,32,5175
3,692,0,5190
3,693,32,5190
3,694,0,5205
3,695,32,5205
3,696,0,5220
3,697,32,5220
3,698,0,5235
3,699,32,5235
3,700,0,5250
3,701,32,5250
3,702,0,5265
3,703,32,5265
3,704,0,5280
3,705,32,5280
3,706,0,5295
3,707,32,5295
3,708,0,5310
3,709,32,5310
3,710,0,5325
3,711,32,5325
3,712,0,5340
3,713,32,5340
3,714,0,5355
3,715,32,5355
3,716,0,5370
3,717,32,5370
3,718,0,5385
3,719,32,5385
3,720,0,5400
3,721,32,5400
3,722,0,5415
3,723,32,5415
3,724,0,5430
3,725,32,5430
3,726,0,5445
3,727,32,5445
3,728,0,5460
3,729,32,5460
3,730,0,5475
3,731,32,5475
3,732,0,5490
3,733,32,5490
3,734,0,5505
3,735,32,5505
3,736,0,5520
3,737,32,5520
3,738,0,5535
3,739,32,5535
3,740,0,5550
3,741,32,5550
3,742,0,5565
3,743,32,5565
3,744,0,5580
3,745,32,5580
3,746,0,5595
3,747,32,5595
3,748,0,5610
3,749,32,5610
3,750,0,5625
3,751,32,5625
3,752,0,5640
3,753,32,5640
3,754,0,5655
3,755,32,5655
3,756,0,5670
3,757,32,5670
3,758,0,5685
3,759,32,5685
3,760,0,5700
3,761,32,5700
3,762,0,5715
3,763,32,5715
3,764,0,5730
3,765,32,5730
3,766,0,5745
3,767,32,5745
3,768,0,5760
3,769,32,5760
3,770,0,5775
3,771,32,5775
3,772,0,5790
3,773,32,5790
3,774,0,5805
3,775,32,5805
3,776,0,5820
3,777,32,5820
3,778,0,5835
3,779,32,5835
3,780,0,5850
3,781,32,5850
3,782,0,5865
3,783,32,5865
3,784,0,5880
3,785,32,5880
3,786,0,5895
3,787,32,5895
3,788,0,5910
3,789,32,5910
3,790,0,5925
3,791,32,5925
3,792,0,5940
3,793,32,5940
3,794,0,5955
3,795,32,5955
3,796,0,5970
3,797,32,5970
3,798,0,5985
3,799,32,5985
3,800,0,6000
3,801,32,6000
3,802,0,6015
3,803,32,6015
3,804,0,6030
3,805,32,6030
3,806,0,6045
3,807,32,6045
3,808,0,6060
3,809,32,6060
3,810,0,6075
3,811,32,6075
3,812,0,6090
3,813,32,6090
3,814,0,6105
3,815,32,6105
3,816,0,6120
3,817,32,6120
3,818,0,6135
3,819,32,6135
3,820,0,6150
3,821,32,6150
3,822,0,6165
3,823,32,6165
3,824,0,6180
3,825,32,6180
3,826,0,6195
3,827,32,6195
3,828,0,6210
3,829,32,6210
3,830,0,6225
3,831,32,6225
3,832,0,6240
3,833,32,6240
3,834,0,6255
3,835,32,6255
3,836,0,6270
3,837,32,6270
3,838,0,6285
3,839,32,6285
3,840,0,6300
3,841,32,6300
3,842,0,6315
3,843,32,6315
3,844,0,6330
3,845,32,6330
3,846,0,6345
3,847,32,6345
3,848,0,6360
3,849,32,6360
3,850,0,6375
3,851,32,6375
3,852,0,6390
3,853,32,6390
3,854,0,6405
3,855,32,6405
3,856,0,6420
3,857,32,6420
3,858,0,6435
3,859,32,6435
3,860,0,6450
3,861,32,6450
3,862,0,6465
3,863,32,6465
3,864,0,6480
3,865,32,6480
3,866,0,6495
3,867,32,6495
3,868,0,6510
3,869,32,6510
3,870,0,6525
3,871,32,6525
3,872,0,6540
3,873,32,6540
3,874,0,6555
3,875,32,6555
3,876,0,6570
3,877,32,6570
3,878,0,6585
3,879,32,6585
3,880,0,6600
3,881,32,6600
3,882,0,6615
3,883,32,6615
3,884,0,6630
3,885,32,6630
3,886,0,6645
3,887,32,6645
3,888,0,6660
3,889,32,6660
3,890,0,6675
3,891,32,6675
3,892,0,6690
3,893,32,6690
3,894,0,6705
3,895,32,6705
3,896,0,6720
3,897,32,6720
3,898,0,6735
3,899,32,6735
3,900,0,6750
3,901,32,6750
3,902,0,6765
3,903,32,6765
3,904,0,6780
3,905,32,6780
3,906,0,6795
3,907,32,6795
3,908,0,6810
3,909,32,6810
3,910,0,6825
3,911,32,6825
3,912,0,6840
3,913,32,6840
3,914,0,6855
3,915,32,6855
3,916,0,6870
3,917,32,6870
3,918,0,6885
3,919,32,6885
3,920,0,6900
3,921,32,6900
3,922,0,6915
3,923,32,6915
3,924,0,6930
3,925,32,6930
3,926,0,6945
3,927,32,6945
3,928,0,6960
3,929,32,6960
3,930,0,6975
3,931,32,6975
3,932,0,6990
3,933,32,6990
3,934,0,7005
3,935,32,7005
3,936,0,7020
3,937,32,7020
3,938,0,7035
3,939,32,7035
3,940,0,7050
3,941,32,7050
3,942,0,7065
3,943,32,7065
3,944,0,7080
3,945,32,7080
3,946,0,7095
3,947,32,7095
3,948,0,7110
3,949,32,7110
3,950,0,7125
3,951,32,7125
3,952,0,7140
3,953,32,7140
3,954,0,7155
3,955,32,7155
3,956,0,7170
3,957,32,7170
3,958,0,7185
3,959,32,7185
3,960,0,7200
3,961,32,7200
3,962,0,7215
3,963,32,7215
3,964,0,7230
3,965,32,7230
3,966,0,7245
3,967,32,7245
3,968,0,7260
3,969,32,7260
3,970,0,7275
3,971,32,7275
3,972,0,7290
3,973,32,7290
3,974,0,7305
3,975,32,7305
3,976,0,7320
3,977,32,7320
3,978,0,7335
3,979,32,7335
3,980,0,7350
3,981,32,7350
3,982,0,7365
3,983,32,7365
3,984,0,7380
3,985,32,7380
3,986,0,7395
3,987,32,7395
3,988,0,7410
3,989,32,7410
3,990,0,7425
3,991,32,7425
3,992,0,7440
3,993,32,7440
3,994,0,7455
3,995,32,7455
3,996,0,7470
3,997,32,7470
3,998,0,7485
3,999,32,7485
3,1000,0,7500
3,1001,32,7500
3,1002,0,7515
3,1003,32,7515
3,1004,0,7530
3,1005,32,7530
3,1006,0,7545
3,1007,32,7545
3,1008,0,7560
3,1009,32,7560
3,1010,0,7575
3,1011,32,7575
3,1012,0,7590
3,1013,32,7590
3,1014,0,7605
3,1015,32,7605
3,1016,0,7620
3,1017,32,7620
3,1018,0,7635
3,1019,32,7635
3,1020,0,7650
3,1021,32,7650
3,1022,0,7665
3,1023,32,7665
3,1024,0,7680
3,1025,32,7680
3,1026,0,7695
3,1027,32,7695
3,1028,0,7710
3,1029,32,7710
3,1030,0,7725
3,1031,32,7725
3,1032,0,7740
3,1033,32,7740
3,1034,0,7755
3,1035,32,7755
3,1036,0,7770
3,1037,32,7770
3,1038,0,7785
3,1039,32,7785
3,1040,0,7800
3,1041,32,7800
3,1042,0,7815
3,1043,32,7815
3,1044,0,7830
3,1045,32,7830
3,1046,0,7845
3,1047,32,7845
3,1048,0,7860
3,1049,32,7860
3,1050,0,7875
3,1051,32,7875
3,1052,0,7890
3,1053,32,7890
3,1054,0,7905
3,1055,32,7905
3,1056,0,7920
3,1057,32,7920
3,1058,0,7935
3,1059,32,7935
3,1060,0,7950
3,1061,32,7950
3,1062,0,7965
3,1063,32,7965
3,1064,0,7980
3,1065,32,7980
3,1066,0,7995
3,1067,32,7995
3,1068,0,8010
3,1069,32,8010
3,1070,0,8025
3,1071,32,8025
3,1072,0,8040
3,1073,32,8040
3,1074,0,8055
3,1075,32,8055
3,1076,0,8070
3,1077,32,8070
3,1078,0,8085
3,1079,32,8085
3,1080,0,8100
3,1081,32,8100
3,1082,0,8115
3,1083,32,8115
3,1084,0,8130
3,1085,32,8130
3,1086,0,8145
3,1087,32,8145
3,1088,0,8160
3,1089,32,8160
3,1090,0,8175
3,1091,32,8175
3,1092,0,8190
3,1093,32,8190
3,1094,0,8205
3,1095,32,8205
3,1096,0,8220
3,1097,32,8220
3,1098,0,8235
3,1099,32,8235
3,1100,0,8250
3,1101,32,8250
3,1102,0,8265
3,1103,32,8265
3,1104,0,8280
3,1105,32,8280
3,1106,0,8295
3,1107,32,8295
3,1108,0,8310
3,1109,32,8310
3,1110,0,8325
3,1111,32,8325
3,1112,0,8340
3,1113,32,8340
3,1114,0,8355
3,1115,32,8355
3,1116,0,8370
3,1117,32,8370
3,1118,0,8385
3,1119,32,8385
3,1120,0,8400
3,1121,32,8400
3,1122,0,8415
3,1123,32,8415
3,1124,0,8430
3,1125,32,8430
3,1126,0,8445
3,1127,32,8445
3,1128,0,8460
3,1129,32,8460
3,1130,0,8475
3,1131,32,8475
3,1132,0,8490
3,1133,32,8490
3,1134,0,8505
3,1135,32,8505
3,1136,0,8520
3,1137,32,8520
3,1138,0,8535
3,1139,32,8535
3,1140,0,8550
3,1141,32,8550
3,1142,0,8565
3,1143,32,8565
3,1144,0,8580
3,1145,32,8580
3,1146,0,8595
3,1147,32,8595
3,1148,0,8610
3,1149,32,8610
3,1150,0,8625
3,1151,32,8625
3,1152,0,8640
3,1153,32,8640
3,1154,0,8655
3,1155,32,8655
3,1156,0,8670
3,1157,32,8670
3,1158,0,8685
3,1159,32,8685
3,1160,0,8700
3,1161,32,8700
3,1162,0,8715
3,1163,32,8715
3,1164,0,8730
3,1165,32,8730
3,1166,0,8745
3,1167,32,8745
3,1168,0,8760
3,1169,32,8760
3,1170,0,8775
3,1171,32,8775
3,1172,0,8790
3,1173,32,8790
3,1174,0,8805
3,1175,32,8805
3,1176,0,8820
3,1177,32,8820
3,1178,0,8835
3,1179,32,8835
3,1180,0,8850
3,1181,32,8850
3,1182,0,8865
3,1183,32,8865
3,1184,0,8880
3,1185,32,8880
3,1186,0,8895
3,1187,32,8895
3,1188,0,8910
3,1189,32,8910
3,1190,0,8925
3,1191,32,8925
3,1192,0,8940
3,1193,32,8940
3,1194,0,8955
3,1195,32,8955
3,1196,0,8970
3,1197,32,8970
3,1198,0,8985
3,1199,32,8985
3,1200,0,9000
3,1201,32,9000
3,1202,0,9015
3,1203,32,9015
3,1204,0,9030
3,1205,32,9030
3,1206,0,9045
3,1207,32,9045
3,1208,0,9060
3,1209,32,9060
3,1210,0,9075
3,1211,32,9075
3,1212,0,9090
3,1213,32,9090
3,1214,0,9105
3,1215,32,9105
3,1216,0,9120
3,1217,32,9120
3,1218,0,9135
3,1219,32,9135
3,1220,0,9150
3,1221,32,9150
3,1222,0,9165
3,1223,32,9165
3,1224,0,9180
3,1225,32,9180
3,1226,0,9195
3,1227,32,9195
3,1228,0,9210
3,1229,32,9210
3,1230,0,9225
3,1231,32,9225
3,1232,0,9240
3,1233,32,9240
3,1234,0,9255
3,1235,32,9255
3,1236,0,9270
3,1237,32,9270
3,1238,0,9285
3,1239,32,9285
3,1240,0,9300
3,1241,32,9300
3,1242,0,9315
3,1243,32,9315
3,1244,0,9330
3,1245,32,9330
3,1246,0,9345
3,1247,32,9345
3,1248,0,9360
3,1249,32,9360
3,1250,0,9375
3,1251,32,9375
3,1252,0,9390
3,1253,32,9390
3,1254,0,9405
3,1255,32,9405
3,1256,0,9420
3,1257,32,9420
3,1258,0,9435
3,1259,32,9435
3,1260,0,9450
3,1261,32,9450
3,1262,0,9465
3,1263,32,9465
3,1264,0,9480
3,1265,32,9480
3,1266,0,9495
3,1267,32,9495
3,1268,0,9510
3,1269,32,9510
3,1270,0,9525
3,1271,32,9525
3,1272,0,9540
3,1273,32,9540
3,1274,0,9555
3,1275,32,9555
3,1276,0,9570
3,1277,32,9570
3,1278,0,9585
3,1279,32,9585
